Time Period,WLODLL,WDTGAL,WSHOTSL,RESH4A_N.WW,RESH4A_XAW_N.WW,RESH4A_XAW_XCH1_N.WW,RESH4A_XAW_XCH52_N.WW,RESH4AO_N.WW,RESH4AO_XAW_N.WW,RESH4AO_XAW_XCH1_N.WW,RESH4AO_XAW_XCH52_N.WW,RESH4E_N.WW,RESH4E_XAW_N.WW,RESH4E_XAW_XCH1_N.WW,RESH4E_XAW_XCH52_N.WW,RESH4R_N.WW,RESH4R_XAW_N.WW,RESH4R_XAW_XCH1_N.WW,RESH4R_XAW_XCH52_N.WW,RESH4S_N.WW,RESH4S_XAW_N.WW,RESH4S_XAW_XCH1_N.WW,RESH4S_XAW_XCH52_N.WW,RESH4SC_N.WW,RESH4SC_XAW_N.WW,RESH4SC_XAW_XCH1_N.WW,RESH4SC_XAW_XCH52_N.WW,RESH4SCF_N.WW,RESH4SCF_XAW_N.WW,RESH4SCF_XAW_XCH1_N.WW,RESH4SCF_XAW_XCH52_N.WW,RESH4SCS_N.WW,RESH4SCS_XAW_N.WW,RESH4SCS_XAW_XCH1_N.WW,RESH4SCS_XAW_XCH52_N.WW,RESH4SO_N.WW,RESH4SO_XAW_N.WW,RESH4SO_XAW_XCH1_N.WW,RESH4SO_XAW_XCH52_N.WW,RESPPAABH_N.WW,RESPPAABH_XAW_N.WW,RESPPAABH_XAW_XCH1_N.WW,RESPPAABH_XAW_XCH52_N.WW,RESPPAAC2H_N.WW,RESPPAAC2H_XAW_N.WW,RESPPAAC2H_XAW_XCH1_N.WW,RESPPAAC2H_XAW_XCH52_N.WW,RESPPAADH_N.WW,RESPPAADH_XAW_N.WW,RESPPAADH_XAW_XCH1_N.WW,RESPPAADH_XAW_XCH52_N.WW,RESPPAAEH_N.WW,RESPPAAEH_XAW_N.WW,RESPPAAEH_XAW_XCH1_N.WW,RESPPAAEH_XAW_XCH52_N.WW,RESPPAAML1H_XAW_N.WW,RESPPAAML1H_XAW_XCH1_N.WW,RESPPAAML1H_XAW_XCH52_N.WW,RESPPAATAL2H_N.WW,RESPPAATAL2H_XAW_N.WW,RESPPAATAL2H_XAW_XCH1_N.WW,RESPPAATAL2H_XAW_XCH52_N.WW,RESPPALD_N.WW,RESPPALD_XAW_N.WW,RESPPALD_XAW_XCH1_N.WW,RESPPALD_XAW_XCH52_N.WW,RESPPALDB_N.WW,RESPPALDB_XAW_N.WW,RESPPALDB_XAW_XCH1_N.WW,RESPPALDB_XAW_XCH52_N.WW,RESPPALDC_N.WW,RESPPALDC_XAW_N.WW,RESPPALDC_XAW_XCH1_N.WW,RESPPALDC_XAW_XCH52_N.WW,RESPPALDH_N.WW,RESPPALDH_XAW_N.WW,RESPPALDH_XAW_XCH1_N.WW,RESPPALDH_XAW_XCH52_N.WW,RESPPALDJ_N.WW,RESPPALDJ_XAW_N.WW,RESPPALDJ_XAW_XCH1_N.WW,RESPPALDJ_XAW_XCH52_N.WW,RESPPALDP_N.WW,RESPPALDP_XAW_N.WW,RESPPALDP_XAW_XCH1_N.WW,RESPPALDP_XAW_XCH52_N.WW,RESPPALDQ_N.WW,RESPPALDQ_XAW_N.WW,RESPPALDQ_XAW_XCH1_N.WW,RESPPALDQ_XAW_XCH52_N.WW,RESPPALDS_N.WW,RESPPALDS_XAW_N.WW,RESPPALDS_XAW_XCH1_N.WW,RESPPALDS_XAW_XCH52_N.WW,RESPPALG_N.WW,RESPPALG_XAW_N.WW,RESPPALG_XAW_XCH1_N.WW,RESPPALG_XAW_XCH52_N.WW,RESPPALGAO_N.WW,RESPPALGAO_XAW_N.WW,RESPPALGAO_XAW_XCH1_N.WW,RESPPALGAO_XAW_XCH52_N.WW,RESPPALGASMO_N.WW,RESPPALGASMO_XAW_N.WW,RESPPALGASMO_XAW_XCH1_N.WW,RESPPALGASMO_XAW_XCH52_N.WW,RESPPALGTR_N.WW,RESPPALGTR_XAW_N.WW,RESPPALGTR_XAW_XCH1_N.WW,RESPPALGTR_XAW_XCH52_N.WW,RESPPALGTRF_N.WW,RESPPALGTRF_XAW_N.WW,RESPPALGTRF_XAW_XCH1_N.WW,RESPPALGTRF_XAW_XCH52_N.WW,RESPPALGTRO_N.WW,RESPPALGTRO_XAW_N.WW,RESPPALGTRO_XAW_XCH1_N.WW,RESPPALGTRO_XAW_XCH52_N.WW,RESPPALGUO_N.WW,RESPPALGUO_XAW_N.WW,RESPPALGUO_XAW_XCH1_N.WW,RESPPALGUO_XAW_XCH52_N.WW,RESPPALGUOB_N.WW,RESPPALGUOB_XAW_N.WW,RESPPALGUOB_XAW_XCH1_N.WW,RESPPALGUOB_XAW_XCH52_N.WW,RESPPALGUOMC_N.WW,RESPPALGUOMC_XAW_N.WW,RESPPALGUOMC_XAW_XCH1_N.WW,RESPPALGUOMC_XAW_XCH52_N.WW,RESPPALGUOMI_N.WW,RESPPALGUOMI_XAW_N.WW,RESPPALGUOMI_XAW_XCH1_N.WW,RESPPALGUOMI_XAW_XCH52_N.WW,RESPPALGUOMN_N.WW,RESPPALGUOMN_XAW_N.WW,RESPPALGUOMN_XAW_XCH1_N.WW,RESPPALGUOMN_XAW_XCH52_N.WW,RESPPALSD_N.WW,RESPPALSD_XAW_N.WW,RESPPALSD_XAW_XCH1_N.WW,RESPPALSD_XAW_XCH52_N.WW,RESPPALSP_N.WW,RESPPALSP_XAW_N.WW,RESPPALSP_XAW_XCH1_N.WW,RESPPALSP_XAW_XCH52_N.WW,RESPPAOF_N.WW,RESPPAOF_XAW_N.WW,RESPPAOF_XAW_XCH1_N.WW,RESPPAOF_XAW_XCH52_N.WW,RESPPAS_N.WW,RESPPAS_XAW_N.WW,RESPPAS_XAW_XCH1_N.WW,RESPPAS_XAW_XCH52_N.WW,RESPPLLB_N.WW,RESPPLLB_XAW_N.WW,RESPPLLB_XAW_XCH1_N.WW,RESPPLLB_XAW_XCH52_N.WW,RESPPLLDA_N.WW,RESPPLLDA_XAW_N.WW,RESPPLLDA_XAW_XCH1_N.WW,RESPPLLDA_XAW_XCH52_N.WW,RESPPLLDF_N.WW,RESPPLLDF_XAW_N.WW,RESPPLLDF_XAW_XCH1_N.WW,RESPPLLDF_XAW_XCH52_N.WW,RESPPLLDO_N.WW,RESPPLLDO_XAW_N.WW,RESPPLLDO_XAW_XCH1_N.WW,RESPPLLDO_XAW_XCH52_N.WW,RESPPLLDT_N.WW,RESPPLLDT_XAW_N.WW,RESPPLLDT_XAW_XCH1_N.WW,RESPPLLDT_XAW_XCH52_N.WW,RESPPLLR_N.WW,RESPPLLR_XAW_N.WW,RESPPLLR_XAW_XCH1_N.WW,RESPPLLR_XAW_XCH52_N.WW,RESPPLLRD_N.WW,RESPPLLRD_XAW_N.WW,RESPPLLRD_XAW_XCH1_N.WW,RESPPLLRD_XAW_XCH52_N.WW,RESPPLLRF_N.WW,RESPPLLRF_XAW_N.WW,RESPPLLRF_XAW_XCH1_N.WW,RESPPLLRF_XAW_XCH52_N.WW,RESTBC_N.WW,RESTBC_XAW_N.WW,RESTBC_XAW_XCH1_N.WW,RESTBC_XAW_XCH52_N.WW,RESTBHT_N.WW,RESTBHT_XAW_N.WW,RESTBHT_XAW_XCH1_N.WW,RESTBHT_XAW_XCH52_N.WW,RESTBMG_N.WW,RESTBMG_XAW_N.WW,RESTBMG_XAW_XCH1_N.WW,RESTBMG_XAW_XCH52_N.WW,RESTBMT_N.WW,RESTBMT_XAW_N.WW,RESTBMT_XAW_XCH1_N.WW,RESTBMT_XAW_XCH52_N.WW
1/1/2020,1548849,403853,2328933,2672470,2592563,37247,98459,44867,44901,205,-154,0,0,0,0,1548849,1615846,-36081,-6010,4221319,4208410,1167,92450,4134215,4121396,1034,92386,-643,-470,-360,133,3728,3729,0,-478,24219,24508,-245,-1685,0,0,0,0,0,0,0,0,0,0,0,0,0,0,0,0,0,0,0,0,0,0,0,42,26,12,-38,0,0,0,0,0,0,0,0,0,0,0,0,0,0,0,0,32,15,13,1,0,0,0,0,10,11,0,-39,3739957,3739935,-4974,-132537,2347,2347,0,-62,1408677,1408677,-12209,-228446,255619,242326,7114,242326,0,0,0,0,255619,242326,7114,0,2328933,2328911,7235,95971,169525,169525,5358,169525,25474,25452,76,3049,127384,126376,403,9831,2006550,2007558,1397,-86434,-13284,-13283,33,147,124577,124625,-545,-15481,20792,20701,126,-246,5200,5200,0,0,483110,455803,3182,-7373,0,0,0,0,5182,5182,0,-62,74075,68068,-11551,-9963,403853,382553,14733,2651,336649,285809,27086,19189,64087,20052,10825,3494,272562,265756,16259,15695,1807673,1805880,6775,86841,171,171,0,-43,11041,11041,0,0,50071,50071,5,309
1/8/2020,1656629,350840,2347714,2541142,2561312,-31251,107794,43843,43168,-1733,-215,0,0,0,0,1656629,1654086,38240,3699,4197771,4215398,6988,111493,4110819,4128328,6932,111501,-124,-202,268,-5,3728,3728,-1,3053,26691,25916,1408,-1986,0,0,0,0,0,0,0,0,0,0,0,0,0,0,0,0,0,0,0,0,0,0,0,2,5,-21,-2,0,0,0,0,0,0,0,0,0,0,0,0,0,0,0,0,0,3,-12,-4,0,0,0,0,2,2,-9,2,3758738,3746685,6750,-115298,2347,2347,0,-62,1408677,1408677,0,-228446,210587,240958,-1368,240958,0,0,0,0,210587,240958,-1368,0,2347714,2335662,6751,113212,184527,173811,4286,173811,25453,25460,8,3141,127384,127384,1008,10839,2010350,2009006,1448,-74580,-13278,-13240,43,158,124474,124476,-149,-15380,20632,20750,49,-318,5200,5200,0,0,419861,434555,-21248,2097,0,0,0,0,5182,5182,0,-82,63839,62371,-5697,-8124,350840,367002,-15551,10304,274923,278451,-7358,16434,876,3165,-16887,-251,274047,275286,9530,16685,1802341,1804965,-915,89519,175,172,1,-43,11041,11041,0,0,50078,50078,7,309
1/15/2020,1673362,380802,2362635,2550713,2532882,-28430,93955,44241,45028,1860,60,0,0,0,0,1673362,1686801,32715,22663,4224076,4219684,4286,116619,4137142,4132767,4439,116806,-60,-104,98,98,59,59,-3669,-29,27177,27849,1933,-1937,0,0,0,0,0,0,0,0,0,0,0,0,0,0,0,0,0,0,0,0,0,0,0,9,5,0,-10,0,0,0,0,0,0,0,0,0,0,0,0,0,0,0,0,9,4,1,-10,0,0,0,0,0,1,-1,0,3769300,3769920,23235,-90129,2347,2347,0,-62,1404318,1408479,-198,-227412,229468,223850,-17108,223850,0,0,0,0,229468,223850,-17108,0,2362635,2359094,23432,137345,195029,193314,19503,193314,25485,25618,158,3493,128005,128617,1233,12580,2014116,2011545,2539,-72041,-13221,-13273,-33,94,124410,124461,-15,-15131,20607,20590,-160,-497,5200,5200,0,0,449695,424014,-10541,-735,0,0,0,0,5181,5182,0,-65,63712,67846,5475,-476,380802,350987,-16015,-193,260913,266447,-12004,4214,675,659,-2506,-1170,260238,265788,-9498,5383,1795676,1797216,-7749,90463,189,177,5,-46,11041,11041,0,0,50086,50086,8,310
1/22/2020,1609594,411708,2381020,2584429,2579474,46592,103668,43676,44175,-853,278,0,0,0,0,1609594,1621689,-65112,-187,4194023,4201163,-18521,103481,4107163,4114302,-18465,103542,-158,-116,-12,20,54,54,-5,-32,28480,28431,582,-2265,0,0,0,0,0,0,0,0,0,0,0,0,0,0,0,0,0,0,0,0,0,0,0,0,6,1,-38,0,0,0,0,0,0,0,0,0,0,0,0,0,0,0,0,0,6,2,-34,0,0,0,0,0,0,-1,-3,3782010,3778361,8441,-75854,2347,2347,0,-62,1398642,1402961,-5518,-228698,186076,196617,-27233,196617,0,0,0,0,186076,196617,-27233,0,2381020,2373053,13959,152906,210031,203602,10288,203602,25467,25472,-146,3681,128005,128005,-612,13236,2017518,2015974,4429,-67612,-13272,-13254,19,78,123974,124202,-259,-14986,20526,20527,-63,-371,5200,5200,0,0,480494,477853,53839,8101,0,0,0,0,5180,5181,-1,-103,63605,68731,885,-6111,411708,403941,52954,14315,265357,262569,-3878,5412,15604,13412,12753,2468,249753,249157,-16631,2943,1794695,1794685,-2531,89922,207,191,14,-46,11041,11041,0,0,50093,50093,7,310
1/29/2020,1612223,450537,2409108,2587015,2585719,6245,115469,44136,44606,431,-55,0,0,0,0,1612223,1616342,-5347,-1197,4199238,4202060,897,114271,4112398,4115208,906,114389,-675,-185,-69,116,51,51,-3,-25,28899,29104,673,-1276,0,0,0,0,0,0,0,0,0,0,0,0,0,0,0,0,0,0,0,0,0,0,0,34,6,0,-18,0,0,0,0,0,0,0,0,0,0,0,0,0,0,0,0,34,6,0,-12,0,0,0,0,0,0,0,-6,3798743,3793484,15123,-51796,2347,2347,0,-62,1387288,1393781,-9180,-229041,175125,182311,-14306,182311,0,0,0,0,175125,182311,-14306,0,2409108,2397355,24302,177305,232534,222890,19288,222890,25448,25455,-17,3761,128005,128005,0,13236,2023121,2021005,5031,-62581,-13306,-13294,-40,7,123527,123730,-472,-14931,20499,20512,-15,-426,5200,5200,0,0,516541,513106,35253,37967,0,0,0,0,5181,5180,-1,-64,60823,75864,7133,9245,450537,432061,28120,28785,233404,235623,-26946,-11948,300,1887,-11525,-1499,233104,233736,-15421,-10449,1792716,1792176,-2509,89548,218,208,17,-43,11041,11041,0,0,50100,50100,7,310
2/5/2020,1652873,416585,2427880,2561994,2561892,-23827,137086,43607,43768,-838,76,0,0,0,0,1652873,1645016,28674,-3537,4214867,4206908,4848,133549,4128065,4119939,4731,133606,-104,-344,-159,-101,48,48,-3,-18,30145,29203,99,-2215,0,0,0,0,0,0,0,0,0,0,0,0,0,0,0,0,0,0,0,0,0,0,0,1,6,0,-9,0,0,0,0,0,0,0,0,0,0,0,0,0,0,0,0,0,5,-1,1,0,0,0,0,1,0,0,-10,3817516,3805473,11989,-24498,2347,2347,0,-62,1387289,1387289,-6492,-234520,170250,175319,-6992,175319,0,0,0,0,170250,175319,-6992,0,2427880,2415837,18482,210084,247536,236820,13930,236820,25418,25434,-21,3846,129451,129245,1240,14476,2025475,2024338,3333,-45058,-13333,-13308,-14,-39,123542,123542,-188,-14833,20453,20620,108,-369,5200,5200,0,0,484389,480775,-32331,60261,0,0,0,0,5183,5182,2,-62,62621,62270,-13594,-626,416585,413322,-18739,60947,239163,244544,8921,-12423,4112,4289,2402,2693,235051,240255,6519,-15116,1794606,1792586,410,89214,228,219,11,-41,11041,11041,0,0,50107,50107,7,310
2/12/2020,1695082,404341,2442621,2535788,2546179,-15713,120723,44632,44532,764,77,0,0,0,0,1695082,1675566,30550,25593,4230870,4221745,14837,146317,4144202,4135017,15078,146431,-102,-95,249,27,55,55,7,-16,32372,31542,2339,-2276,0,0,0,0,0,0,0,0,0,0,0,0,0,0,0,0,0,0,0,0,0,0,0,0,0,-6,-20,0,0,0,0,0,0,0,0,0,0,0,0,0,0,0,0,0,0,-5,-6,0,0,0,0,0,0,0,-14,3836494,3828262,22789,-1621,2347,2347,0,-62,1391526,1387894,605,-233936,164400,164724,-10595,164724,0,0,0,0,164400,164724,-10595,0,2442621,2438021,22184,232377,258038,255466,18646,255466,25454,25456,22,3977,131052,130823,1578,16054,2028077,2026276,1938,-43120,-13266,-13307,1,-69,124249,123836,294,-14318,20310,20370,-250,-426,5200,5200,0,0,470728,478775,-2000,53305,0,0,0,0,5183,5183,1,-61,61204,62355,85,1237,404341,411237,-2085,52128,223829,228286,-16258,-20890,309,724,-3565,-1237,223520,227562,-12693,-19653,1796352,1794356,1770,88270,248,231,12,-37,11041,11041,0,0,50117,50117,10,312
2/19/2020,1659021,421051,2451688,2560718,2577331,31152,171011,43624,44160,-372,116,0,0,0,0,1659021,1654118,-21448,21538,4219739,4231449,9704,192549,4133260,4144838,9821,192725,-117,-114,-19,53,67,68,13,0,19217,29516,-2026,7615,0,0,0,0,0,0,0,0,0,0,0,0,0,0,0,0,0,0,0,0,0,0,0,5,2,2,-17,0,0,0,0,0,0,0,0,0,0,0,0,0,0,0,0,5,2,2,-3,0,0,0,0,0,0,0,-14,3839819,3837204,8942,31424,2347,2347,0,-62,1385784,1389889,1995,-227920,163900,167414,2690,167414,0,0,0,0,163900,167414,2690,0,2451688,2444969,6948,259407,265539,260181,4715,260181,25419,25430,-26,4066,131052,131052,229,16283,2029678,2028306,2030,-21123,-13499,-13301,6,-49,123866,124048,212,-13716,20112,20243,-127,-490,5200,5200,0,0,490183,509060,30285,106841,0,0,0,0,5187,5185,2,-59,63945,75070,12715,11991,421051,428805,17568,94909,226964,225764,-2522,-23165,5149,2150,1426,-1660,221815,223614,-3948,-21506,1799677,1798097,3741,87250,270,251,20,-30,11041,11041,0,0,50127,50127,10,313
2/26/2020,1680070,387615,2474060,2526300,2579576,2245,193690,44134,44496,336,-433,0,0,0,0,1680070,1626469,-27649,-14281,4206370,4206045,-25404,179409,4119718,4119491,-25347,179698,-591,-183,-69,90,44,45,-23,-43,18705,19202,-10314,-750,0,0,0,0,0,0,0,0,0,0,0,0,0,0,0,0,0,0,0,0,0,0,0,13,2,0,-21,0,0,0,0,0,0,0,0,0,0,0,0,0,0,0,0,13,2,0,-11,0,0,0,0,0,0,0,-10,3848250,3846566,9362,50635,2347,2347,0,-62,1371843,1379007,-10882,-232383,143440,143843,-23571,143843,0,0,0,0,143440,143843,-23571,0,2474060,2465213,20244,283081,280541,276255,16074,276255,25385,25398,-32,4137,131052,131052,0,16283,2037082,2032508,4202,-13594,-13447,-13492,-191,-262,123303,123508,-540,-13794,20275,20176,-67,-604,5200,5200,0,0,461918,514165,5105,137872,0,0,0,0,5186,5187,2,-57,69117,69613,-5457,9138,387615,439365,10560,128791,219968,221747,-4017,-31785,2300,2886,736,-946,217668,218861,-4753,-30839,1799993,1798896,799,88064,287,272,21,-28,11041,11041,0,0,50136,50136,9,314
3/4/2020,1735006,381302,2502624,2554231,2532528,-47048,238110,44610,44409,-87,1,0,0,0,0,1735005,1698855,72386,-22759,4289236,4231384,25339,215351,4202074,4144341,24850,215099,-628,-491,-308,-158,48,48,3,-17,19855,19512,310,-849,0,0,0,0,0,0,0,0,0,0,0,0,0,0,0,0,0,0,0,0,0,0,0,1,12,10,0,0,0,0,0,0,0,0,0,0,0,0,0,0,0,0,0,1,11,9,5,0,0,0,0,0,0,0,-6,3876816,3865007,18441,79591,2347,2347,0,-62,1371846,1371844,-7163,-235765,195000,150293,6450,150293,0,0,0,0,195000,150293,6450,0,2502624,2490816,25603,315417,303042,295543,19288,295543,25449,25397,-1,4163,131052,131052,0,15898,2043081,2038824,6316,-187,-13425,-13477,15,-254,124406,123436,-72,-13509,20775,20655,479,-64,5200,5200,0,0,462394,456126,-58039,171303,0,0,0,0,5186,5187,0,-57,75906,76424,6811,16890,381302,374515,-64850,154470,236702,228234,6487,-21866,5025,2145,-741,-371,231677,226089,7228,-21495,1810218,1803470,4574,88698,306,289,17,-26,11041,11041,0,0,50146,50146,10,316
3/11/2020,1779990,372337,2523031,2579980,2564648,32120,250189,45123,46136,1727,551,0,0,0,0,1779990,1744525,45670,40577,4359969,4309173,77789,290766,4272427,4221590,77249,289898,-312,-194,297,-37,58,58,10,-9,22014,21218,1706,-1508,0,0,0,0,0,0,0,0,0,0,0,0,0,0,0,0,0,0,0,0,0,0,0,11,8,-4,-3,0,0,0,0,0,0,0,0,0,0,0,0,0,0,0,0,11,8,-3,5,0,0,0,0,0,0,0,-9,3897224,3890132,25125,104634,2347,2347,0,-62,1371846,1371846,2,-235785,242375,199301,49008,199301,0,0,0,0,242375,199301,49008,0,2523031,2515940,25124,340483,321043,314613,19070,314613,25853,25764,367,4471,132653,132424,1372,17270,2043482,2043138,4314,4127,-13366,-13394,83,-199,124423,124459,1023,-12283,21147,21187,532,552,5200,5200,0,0,482365,476127,20001,164382,0,0,0,0,5187,5355,168,112,104842,90217,13793,29688,372337,380556,6041,134584,233275,228063,-171,-8851,1325,1946,-199,1828,231950,226117,28,-10679,1818901,1814015,10545,94130,315,307,18,-24,11041,11041,0,0,50155,50155,9,316
3/18/2020,1945394,401354,2640771,2771033,2654558,89910,269292,43838,44857,-1279,174,0,0,0,0,1945393,1895588,151063,265857,4716426,4550146,240973,535149,4629659,4463041,241451,534834,-226,-230,-36,-58,45,45,-13,-23,23619,23059,1841,-658,0,0,0,0,0,0,0,0,0,0,0,0,0,0,0,0,NA,NA,NA,0,0,0,0,28224,6687,6679,6677,0,0,0,0,0,0,0,0,0,0,0,0,0,0,0,0,28224,6687,6679,6686,0,0,0,0,0,0,0,-9,4009794,3929025,38893,147655,2347,2347,0,-62,1366676,1370430,-1416,-233015,441945,388806,189505,388806,0,0,0,0,441945,388806,189505,0,2640771,2556247,40307,380731,321043,321043,6430,321043,26579,26066,302,4715,138653,133939,1515,18785,2154496,2075200,32062,36189,-12036,-12887,507,277,138294,128537,4078,-7841,20363,20700,-487,-2,5200,5200,0,0,649733,540241,64114,166549,0,0,0,0,6887,6359,1004,1115,241491,171306,81089,106481,401354,362576,-17980,58953,233946,242056,13993,-3897,477,10565,8619,9656,233469,231492,5375,-13552,1843192,1827086,13071,106483,325,317,10,-18,11041,11041,0,0,50163,50163,8,315
3/25/2020,2347747,384890,2978372,2954757,2869848,215290,483947,49621,46637,1780,1190,0,0,0,0,2347747,2186971,291383,564689,5302504,5056819,506673,1048637,5215959,4970364,507323,1049045,-271,-190,40,-14,206051,168814,168769,168748,25175,24989,1930,943,0,0,0,0,0,0,0,0,0,0,0,0,0,0,0,0,NA,NA,NA,0,0,0,0,109119,61330,54643,61315,30634,7011,7011,7011,0,0,0,0,27718,14390,14390,14390,0,0,0,0,50768,39929,33242,39921,0,0,0,0,0,0,0,-7,4365282,4187418,258393,412821,2347,2347,0,-53,1384563,1371585,1155,-225038,352355,387528,-1278,387528,0,0,0,0,352355,387528,-1278,0,2978372,2813486,257239,637911,326044,326044,5001,326044,29271,28149,2083,6739,166932,154473,20534,39319,2456125,2304820,229620,265809,-10026,-11005,1882,2129,168273,151479,22942,15575,20133,20043,-657,-722,5200,5200,0,0,673519,679684,139443,303207,0,0,0,0,16261,10359,4000,5116,272368,279073,107767,218707,384890,390252,27676,79384,359114,283469,41413,41616,97411,29096,18531,26765,261703,254373,22881,14852,1872175,1859732,32646,137943,328,325,8,-9,11041,11041,0,0,50171,50171,8,314
4/1/2020,2684398,506933,3340832,3175143,3127917,258069,732693,51895,52768,6131,8388,0,0,0,0,2684398,2533908,346937,933510,5859541,5661825,605006,1666203,5772536,5574804,604440,1665932,-550,-443,-253,136,348544,327787,158973,326422,28283,27313,2324,2857,0,0,0,0,0,0,0,0,0,0,0,0,0,0,0,0,NA,NA,NA,0,0,0,0,129461,130308,68978,130250,52667,46849,39838,46849,0,0,0,0,33050,33882,19492,33882,0,0,0,0,43744,49578,9649,49527,0,0,0,0,0,0,0,-7,4800901,4604983,417565,843862,2347,2347,0,0,1457721,1427520,55935,-165203,263050,302463,-85065,302463,0,0,0,0,263050,302463,-85065,302463,3340832,3175115,361629,1009063,326044,326044,0,326044,31204,30427,2278,8949,191725,181062,26589,65908,2791860,2637583,332763,608163,-8492,-9205,1800,3899,211339,191598,40119,56044,20584,20601,558,-42,5200,5200,0,0,749312,713106,33422,337652,0,0,0,0,17745,17208,6849,11965,224635,266631,-12442,206607,506933,429267,39015,119079,494427,484878,201409,234571,207828,214442,185346,214049,286599,270436,16063,20522,1879190,1876839,17107,152093,318,327,2,-9,11041,11041,0,0,50180,50180,9,315
4/8/2020,2774506,827178,3634386,3356812,3294371,166454,945340,54724,53490,722,8154,0,0,0,0,2774503,2760451,226543,1125860,6131315,6054823,392998,2071200,6044516,5968038,393234,2071135,-305,-194,249,-15,358077,385365,57578,385310,32189,30560,3247,4306,0,0,0,0,0,0,0,0,0,0,0,0,0,0,0,0,NA,NA,NA,0,0,0,0,129637,130004,-304,129991,53171,53793,6944,53793,0,0,0,0,33018,32699,-1183,32699,0,0,0,0,43449,43513,-6065,43509,0,0,0,0,0,0,0,-9,5096434,4972677,367694,1224187,2347,2347,0,0,1459701,1459202,31682,-133548,192751,227643,-74820,227643,1,0,0,0,192750,227643,-74820,227643,3634386,3511128,336013,1357734,326044,326044,0,326044,32857,32170,1743,10562,210625,202625,21563,87471,3064860,2950288,312705,933656,-7381,-7957,1248,5119,243113,229939,38341,94594,20373,20359,-242,-246,5200,5200,0,0,1083854,946812,233706,623820,0,0,0,0,16646,16760,-448,11517,240030,231474,-35157,176342,827178,698578,269311,435961,334488,412790,-72088,159116,53483,130445,-83997,129861,281005,282345,11909,29255,1883438,1880963,4124,154269,307,317,-10,-19,11041,11041,0,0,50185,50185,5,312
4/15/2020,3069874,856155,3788858,3346156,3363925,69554,985377,74756,59862,6372,14842,0,0,0,0,3069872,2919041,158590,1314562,6416028,6282967,228144,2299940,6329072,6196020,227982,2299746,-361,-266,-72,-58,378291,393063,7698,393008,33904,34137,3577,6338,0,0,0,0,974,141,141,141,0,0,0,0,0,0,0,0,NA,NA,NA,0,0,0,0,120349,128604,-1400,128580,50656,51944,-1849,51944,0,0,0,0,33409,35590,2891,35590,0,0,0,0,36284,41034,-2479,41024,0,0,0,0,0,0,0,-13,5359376,5195539,222862,1448965,2347,2347,0,0,1568171,1475778,16576,-114993,181100,201596,-26047,201596,0,1,1,1,181100,201596,-26047,201596,3788858,3717414,206286,1563958,326044,326044,0,326044,33978,33539,1369,11797,222692,217244,14619,102094,3206144,3140587,190299,1124023,-6896,-7123,834,5923,262334,250328,20389,115251,20525,20515,156,-116,5200,5200,0,0,1103978,1134405,187593,780064,0,0,0,0,16347,16352,-408,11108,231475,228237,-3237,164404,856155,889815,191237,604551,279584,284464,-128326,32605,3150,5893,-124552,5764,276434,278571,-3774,26841,1887536,1884887,3924,157891,302,307,-10,-25,11041,11041,0,0,50190,50190,5,309
4/22/2020,3099980,949999,3909352,3521378,3434599,70674,961216,63428,66251,6389,20597,0,0,0,0,3099980,3103504,184463,1598074,6621358,6538103,255136,2559289,6534516,6451209,255189,2559091,-306,-204,62,-62,409712,406272,13209,406217,36694,35935,1798,7256,0,0,0,0,2732,2516,2375,2516,0,0,0,0,0,0,0,0,NA,NA,NA,0,0,0,0,122088,118841,-9763,118818,48810,49646,-2298,49646,0,0,0,0,31526,31266,-4324,31266,8009,2977,2977,2977,33742,34953,-6081,34946,0,0,0,0,0,0,0,-16,5534186,5451772,256233,1709940,2347,2347,0,0,1622487,1585868,110090,-122,157500,171508,-30088,171508,0,1,0,1,157500,171507,-30089,171507,3909352,3863557,146143,1710063,326044,326044,0,326044,34972,34749,1210,12872,233692,231192,13948,116048,3314644,3271573,130986,1255099,-6128,-6443,680,6566,278037,271013,20685,136333,20405,20458,-57,-108,5200,5200,0,0,1272433,1186593,52188,745411,0,0,0,0,16303,16293,-59,11018,306130,268969,40732,211664,949999,901331,11516,522729,289292,290604,6140,31588,10825,8722,2829,6139,278467,281882,3311,25449,1895928,1890850,5963,163651,297,301,-6,-31,11041,11041,0,0,50196,50196,6,307
4/29/2020,3163513,1076232,3971419,3539586,3525395,90796,1028379,63116,63908,-2343,19255,0,0,0,0,3163512,3159142,55638,1697723,6703098,6684537,146434,2726102,6616131,6597655,146446,2725889,-1397,-367,-163,82,438953,434253,27981,434198,37956,37947,2012,9936,0,0,0,0,3372,2921,405,2921,0,0,0,0,0,0,0,0,NA,NA,NA,0,0,0,0,123028,121384,2543,121360,46277,47504,-2142,47504,0,0,0,0,25504,28618,-2648,28618,19488,14003,11026,14003,31759,31259,-3694,31256,0,0,0,0,0,0,0,-21,5578486,5562498,110726,1839511,2347,2347,0,0,1604720,1615134,29266,39701,158202,163558,-7950,163558,2,0,-1,0,158200,163557,-7950,163557,3971419,3945017,81460,1799810,326044,326044,0,325944,36038,35651,902,13638,242290,239119,7927,123913,3367047,3344204,72631,1336315,-5711,-5807,636,7173,283240,281268,10255,147151,20525,20440,-18,-90,5200,5200,0,0,1296625,1286524,99931,826141,0,0,0,0,16323,16317,24,11073,204070,272699,3730,218058,1076232,997507,96176,597009,269106,271307,-19297,8090,1450,4430,-4292,3857,267656,266878,-15004,4234,1910437,1903359,12509,174927,301,298,-3,-33,11041,11041,0,0,50201,50201,5,304
5/6/2020,3165606,1143268,4020191,3604196,3591862,66467,1137682,64080,64905,997,19151,0,0,0,0,3165605,3158938,-204,1673963,6769801,6750801,66264,2811646,6682832,6663700,66045,2811277,-241,-275,92,-133,444885,444965,10712,444910,39271,38077,130,8415,0,0,0,0,3988,3974,1053,3974,0,0,0,0,0,0,0,0,NA,NA,NA,0,0,0,0,113342,118730,-2654,118686,42763,44695,-2809,44695,0,0,0,0,14903,19070,-9548,19070,29181,25052,11049,25052,26494,29913,-1346,29907,0,0,0,0,0,0,0,-37,5627918,5605502,43004,1903657,2347,2347,0,0,1605380,1605141,-9993,29708,172700,172929,9371,172920,0,0,0,0,172700,172929,9372,172920,4020191,3998014,52997,1873949,326044,326044,0,325944,36365,36149,498,13971,248266,245409,6290,130048,3409516,3390412,46208,1403987,-5534,-5631,176,7322,286502,285429,4161,151526,20521,20653,213,62,5200,5200,0,0,1352933,1339981,53457,927439,0,0,0,0,16336,16350,33,11106,193329,196142,-76557,137201,1143268,1127490,129983,779133,265206,270674,-633,6506,1175,1497,-2933,1340,264031,269177,2299,5166,1921682,1916001,12642,184615,296,301,3,-28,11041,11041,0,0,50207,50207,6,308
5/13/2020,3263431,1138172,4057268,3719215,3672186,80324,1244672,60005,55923,-8982,10523,47500,26073,26073,26073,3263431,3156929,-2009,1647062,6982646,6829116,78315,2891735,6895709,6742165,78465,2891665,-239,-181,94,7,440934,442838,-2127,442788,42599,41239,3162,11204,305,44,44,44,4292,4246,272,4246,0,0,0,0,0,0,0,0,NA,NA,NA,0,0,0,0,114927,114244,-4486,114200,39820,41333,-3362,41333,0,0,0,0,10288,12044,-7026,12044,40580,35923,10871,35923,24239,24943,-4970,24936,0,0,0,0,0,2,2,-36,5843376,5672975,67473,1973178,2347,2347,0,0,1783761,1631040,25899,56421,157354,182487,9558,182468,1404,1402,1402,1402,155950,181086,8157,181067,4057268,4039589,41575,1916758,326044,326044,0,325944,36592,36520,371,14167,252016,250766,5357,135405,3442616,3426259,35847,1441242,-5354,-5422,209,7524,297516,289693,4264,156003,20484,20498,-155,-240,5200,5200,0,0,1400534,1390110,50129,999216,0,0,0,0,16328,16334,-16,11089,246034,196282,140,134420,1138172,1177494,50004,853708,281150,274149,3475,14846,13825,2542,1045,2060,267325,271607,2430,12785,1929749,1925637,9636,194040,277,293,-8,-26,11041,11041,0,0,50212,50212,5,311
5/20/2020,3304221,1193297,4089331,3781520,3735672,63486,1342572,50537,52097,-3826,6295,49000,47714,21641,47714,3304221,3273303,116374,1755146,7085741,7008975,179859,3097718,6998687,6922036,179871,3097551,-209,-174,7,-32,446103,446299,3461,446282,27841,29852,-11387,9721,1801,1183,1139,1183,4293,4292,46,4292,0,0,0,0,0,0,0,0,NA,NA,NA,0,0,0,0,108577,111789,-2455,111737,36449,38047,-3286,38047,0,0,0,0,7501,8969,-3075,8969,45090,43289,7366,43289,19535,21482,-3461,21474,0,0,0,0,3,2,0,-42,5954518,5872570,199595,2188336,2347,2347,0,0,1862841,1796148,165108,228765,157351,161729,-20758,161729,1,0,-1402,0,157350,161729,-19357,161729,4089331,4074075,34486,1959571,326044,326044,0,325994,36797,36714,194,14186,255266,254194,3428,138833,3471224,3457123,30864,1480558,-5691,-5671,-249,7375,304104,300167,10474,166930,20595,20481,-17,-147,5200,5200,0,0,1476591,1441573,51463,1095323,0,0,0,0,16228,16318,-16,11073,267066,230845,34563,172704,1193297,1194410,16916,911546,266649,260848,-13301,-7760,9726,1997,-545,-4658,256923,258851,-12756,-3102,1938498,1933167,7530,201026,245,273,-20,-26,11041,11041,0,0,50217,50217,5,314
5/27/2020,3317688,1326897,4109512,3828053,3878404,142732,1516307,47074,48985,-3112,3626,66500,54000,6286,54000,3317688,3268144,-5159,1723433,7145741,7146549,137574,3239741,7058713,7059561,137525,3239597,-288,-212,-38,8,448946,448736,2437,448719,28687,29581,-271,8159,34853,29852,28669,29852,12794,11578,7286,11578,0,0,0,0,0,0,0,0,NA,NA,NA,0,0,0,0,106896,107306,-4483,107243,33244,34321,-3726,34321,0,0,0,0,6241,6961,-2008,6961,49211,47192,3903,47192,18198,18831,-2651,18811,0,0,0,0,2,2,0,-41,5946969,5958725,86155,2279834,2347,2347,0,0,1835110,1855270,59122,293416,181101,174930,13201,174930,1,1,1,1,181100,174929,13200,174929,4109512,4101108,27033,1986418,326044,326044,0,325994,36843,36789,75,14075,257451,256594,2400,141233,3489174,3481681,24558,1505116,-5500,-5544,127,7470,304256,304609,4442,171805,20564,20525,44,-172,5200,5200,0,0,1522210,1585565,143992,1274073,0,0,0,0,16251,16246,-72,11001,179062,258828,27983,200358,1326897,1310491,116081,1062714,243976,245506,-15342,-21894,4326,619,-1378,-4024,239650,244887,-13964,-17870,1948087,1944109,10942,206532,207,239,-34,-31,11041,11041,0,0,50222,50222,5,317
6/3/2020,3257435,1431462,4134356,3955822,3950927,72523,1592917,50048,48786,-199,3458,104000,82571,28571,82571,3257435,3237461,-30683,1700372,7213257,7188387,41838,3293287,7126020,7101184,41623,3293027,-718,-580,-368,-113,446945,447244,-1492,447227,29200,29441,-140,8589,36154,35572,5720,35572,12795,12794,1216,12794,16075,12921,12921,12921,0,0,0,0,NA,NA,NA,0,0,0,0,101956,104441,-2865,104330,29859,31661,-2660,31661,0,0,0,0,5847,5782,-1179,5782,55230,53262,6070,53262,11011,13731,-5100,13661,0,0,0,0,9,5,3,-37,5972297,5960109,1384,2291923,2347,2347,0,0,1835594,1835322,-19948,279917,211550,199714,24784,199714,0,0,-1,0,211550,199714,24785,199714,4134356,4122441,21333,2012008,326044,326044,0,325994,36737,36779,-10,13916,259151,258194,1600,141843,3512424,3501424,19743,1530255,-5504,-5487,57,7518,305269,305015,406,172552,20768,20735,210,-59,5200,5200,0,0,1603262,1616614,31049,1322531,0,0,0,-2700,16281,16277,31,11032,155519,165514,-93314,103013,1431462,1434823,124332,1211185,246054,253072,7566,-26641,13,857,238,-428,246041,252214,7327,-26214,1952302,1949684,5575,211041,156,199,-40,-44,11041,11041,0,0,50228,50228,6,320
6/10/2020,3190654,1504569,4150409,4026832,4018308,67381,1708129,49536,50012,1226,4789,104000,104000,21429,104000,3190654,3182228,-55233,1595265,7217486,7200536,12149,3303394,7129995,7113208,12024,3303148,-238,-185,395,-10,444520,446259,-985,446237,32348,31204,1763,7958,37374,36820,1248,36820,12796,12795,1,12795,16077,16076,3155,16076,31875,4554,4554,4554,NA,NA,NA,0,0,0,0,98227,99603,-4838,99554,26977,28168,-3493,28168,0,0,0,0,5829,5846,64,5846,56983,56325,3063,56325,8427,9252,-4479,9250,0,0,0,0,11,10,5,-37,5988351,5981133,21024,2313487,2347,2347,0,0,1835595,1835595,273,280190,167300,184315,-15399,184315,0,0,0,0,167300,184314,-15400,184314,4150409,4143191,20750,2033297,326044,326044,0,325994,36440,36508,-271,13451,261151,260151,1957,143635,3526774,3520488,19064,1550218,-5452,-5475,12,7501,306816,306110,1095,173862,21015,20852,117,-75,5200,5200,0,0,1676628,1668682,52068,1412586,0,0,0,0,16256,16370,93,11093,155802,145755,-19759,82495,1504569,1506558,71735,1318998,240814,241622,-11450,-29789,12,181,-676,-1641,240802,241441,-10773,-28148,1955737,1953842,4158,216615,118,151,-48,-70,11041,11041,0,0,50235,50235,7,322
6/17/2020,3069439,1565306,4169340,4073799,4094082,75774,1766078,48445,50875,863,5081,114000,106857,2857,106857,3069439,3078491,-103737,1510536,7143238,7172573,-27963,3276613,7055889,7085167,-28041,3276184,-216,-229,-44,-91,352470,352584,-93675,352567,33795,33553,2349,8601,38916,38110,1290,38110,12797,12796,1,12796,16079,16078,2,16078,31876,31875,27321,31875,NA,NA,NA,0,0,0,0,95031,96402,-3201,96330,24680,25604,-2564,25604,0,0,0,0,5306,5621,-225,5621,57552,57226,901,57226,7479,7939,-1313,7920,0,0,0,0,13,12,2,-41,6090428,6078625,97492,2413566,2347,2347,0,0,1918741,1913008,77413,360349,79053,120429,-63886,120429,0,0,0,0,79053,120429,-63885,120429,4169340,4163270,20079,2053217,326044,326044,0,326007,36356,36307,-201,13078,264552,262694,2543,146178,3542389,3538225,17737,1567955,-5366,-5408,67,7539,311026,310353,4243,178384,20866,20923,71,107,5200,5200,0,0,1726191,1746476,77794,1470015,0,0,0,0,16247,16250,-120,11006,144637,169376,23621,96558,1565306,1560850,54292,1362452,225462,232965,-8657,-35616,1,626,445,-6411,225461,232340,-9101,-29204,1959618,1956796,2954,219838,83,113,-38,-98,11041,11041,0,0,50242,50242,7,323
6/24/2020,2937657,1586573,4197404,4193158,4178318,84236,1800285,46510,48150,-2725,3211,114000,114000,7143,114000,2937657,2918756,-159735,1414019,7130815,7097075,-75498,3214305,7043367,7009664,-75503,3214091,-212,-183,46,-19,274963,276697,-75887,276679,35830,35294,1741,10572,40617,39956,1846,39956,12798,12797,1,12797,16080,16079,1,16079,37502,32680,805,32680,NA,NA,NA,8500,7286,7286,7286,95360,93958,-2444,93858,22889,23468,-2136,23468,0,0,0,0,3624,3980,-1641,3980,62597,59374,2148,59374,6237,7123,-816,7101,1,0,0,0,13,12,0,-66,6143193,6115130,36505,2462634,2347,2347,0,0,1943441,1929415,16407,389459,70201,73129,-47300,73129,1,0,0,0,70200,73129,-47300,73129,4197404,4183368,20098,2073175,326044,326044,0,326039,35884,36058,-249,12657,264552,264552,1858,148036,3570924,3556714,18489,1586444,-5319,-5340,68,7577,313854,312183,1830,180865,20958,20920,-3,-111,5200,5200,0,0,1848380,1831165,84689,1514890,0,0,0,0,16222,16227,-23,10974,245586,190997,21621,128277,1586573,1623942,63092,1375640,220362,223765,-9200,-54645,1,4,-622,-16687,220361,223761,-8579,-37958,1963840,1961158,4362,222943,66,80,-33,-115,11041,11041,0,0,50249,50249,7,324
7/1/2020,2863196,1656747,4213220,4193828,4178358,40,1765988,45930,46383,-1767,1055,114000,114000,0,114000,2863196,2884819,-33937,1428323,7057024,7063177,-33898,3194311,6969543,6975799,-33865,3194104,-756,-497,-314,104,225414,226803,-49894,226786,33548,34203,-1091,9011,41940,41359,1403,41359,12799,12799,2,12799,16081,16080,1,16080,37502,37502,4822,37502,NA,NA,NA,8753,8753,1467,8753,97133,96886,2928,96785,20637,21617,-1851,21617,0,0,0,0,2486,2616,-1364,2616,68133,66763,7389,66763,5860,5877,-1246,5859,0,0,0,0,16,13,1,-70,6126948,6118251,3121,2479253,2347,2347,0,0,1911381,1911363,-18052,378637,61201,75379,2250,75379,1001,144,144,144,60200,75236,2107,75236,4213220,4204541,21173,2100616,326044,326044,0,326039,35831,35726,-332,12164,270206,266682,2130,150166,3581139,3576089,19375,1612248,-5345,-5296,44,7587,314324,313578,1395,182706,20984,20880,-40,-119,5200,5200,0,0,1834890,1830734,-431,1520847,0,0,0,0,16223,16217,-10,10972,161920,156897,-34100,97561,1656747,1657620,33678,1412314,227236,220099,-3666,-91598,2,258,254,-25536,227234,219842,-3919,-66061,1971709,1967076,5918,221800,63,65,-15,-117,11041,11041,0,0,50256,50256,7,326
7/8/2020,2813296,1624404,4231355,4155925,4188727,10369,1826375,48248,47452,1069,2781,114000,114000,0,114000,2813296,2813967,-70852,1314161,6969221,7002693,-60484,3140535,6881742,6915285,-60514,3140119,-216,-208,289,2,179095,182077,-44726,182038,36669,35578,1375,8669,42644,42313,954,42313,12802,12800,1,12800,16082,16081,1,16081,37503,37502,0,37502,NA,NA,NA,8753,8753,0,8753,93355,95294,-1592,95174,18927,19624,-1993,19624,0,0,0,0,1874,2276,-340,2276,67685,68057,1294,68057,4846,5319,-558,5301,0,0,0,0,22,19,6,-83,6145103,6134474,16223,2503976,2347,2347,0,0,1911401,1911401,38,378675,0,41286,-34093,41286,0,143,-1,143,0,41143,-34093,41143,4231355,4220727,16186,2125302,326044,326044,0,326040,35833,35832,106,12198,270206,270206,3524,153690,3599273,3588645,12556,1633375,-5299,-5318,-22,7542,315251,314652,1074,183982,20973,20903,23,88,5200,5200,0,0,1791570,1824408,-6326,1553213,0,0,0,0,16232,17119,902,11866,150934,154191,-2706,99364,1624404,1653098,-4522,1441983,224860,228115,8016,-67253,1,1,-257,-6376,224859,228114,8272,-60876,1977196,1974690,7614,223739,51,61,-4,-107,11041,11041,0,0,50265,50265,9,328
7/15/2020,2732649,1740455,4253229,4274428,4191139,2412,1846294,49347,50446,2994,5316,114000,114000,0,114000,2732649,2777603,-36364,1261939,7007077,6968742,-33951,3108233,6919469,6881203,-34082,3107744,-228,-246,-38,-49,154850,153494,-28583,153456,37680,38367,2789,9926,43423,43053,740,43053,10659,12334,-466,12334,16084,16082,1,16082,37515,37505,3,37505,NA,NA,NA,9439,8851,98,8851,93404,93358,-1936,93243,18635,18704,-920,18704,0,0,0,0,1699,1828,-448,1828,67989,68013,-44,68013,5058,4791,-528,4783,0,0,0,0,24,22,3,-85,6203965,6167191,32717,2539705,2347,2347,0,0,1948388,1924016,12615,393711,2,0,-41286,0,2,0,-143,0,0,0,-41143,0,4253229,4240828,20101,2145994,326044,326044,0,326042,35182,35839,7,12182,266914,270593,387,154303,3625089,3608352,19707,1653467,-5280,-5272,46,7554,317957,316487,1835,186086,21094,21024,121,158,5200,5200,0,0,1905320,1826691,2283,1554360,0,0,0,0,16232,16232,-887,10977,148633,155138,947,85067,1740455,1655320,2222,1458315,224229,221442,-6673,-58437,1,0,-1,-4418,224228,221441,-6673,-54020,1981488,1978510,3820,231166,45,50,-11,-111,11041,11041,0,0,50273,50273,8,330
7/22/2020,2659658,1777180,4265878,4353555,4368049,176910,2031740,47874,49158,-1288,4681,114000,114000,0,114000,2659658,2631780,-145823,1113458,7013213,6999829,31087,3145198,6925422,6912159,30956,3144551,-255,-174,72,10,121992,126322,-27172,126311,39778,39333,966,10038,44046,43794,741,43794,10105,10299,-2035,10299,16085,16084,2,16084,37518,37516,11,37516,NA,NA,NA,9439,9439,588,9439,92552,92783,-575,92658,17541,17952,-752,17952,0,0,0,0,1899,1873,45,1873,68503,68326,313,68326,4578,4605,-186,4603,0,0,0,0,31,28,6,-94,6238825,6222906,55715,2601737,2347,2347,0,0,1970600,1961251,37235,436455,0,0,0,0,0,0,0,0,0,0,0,0,4265878,4259308,18480,2165282,326044,326044,0,326042,35296,35280,-559,11616,268113,267941,-2652,151952,3636425,3630043,21691,1675672,-5161,-5227,45,7561,320498,319083,2596,189102,21267,21148,124,315,5200,5200,0,0,1991237,2005027,178336,1748765,0,0,0,0,16224,16231,-1,10975,197833,183852,28714,126208,1777180,1804944,149624,1611582,214665,216946,-4496,-73229,0,1,1,-13799,214665,216945,-4496,-59431,1985733,1982873,4363,237642,47,45,-5,-119,11041,11041,0,0,50282,50282,9,333
7/29/2020,2685376,1792434,4293563,4311439,4389298,21249,2085328,46932,48118,-1040,3239,114000,114000,0,114000,2685376,2615272,-16508,1080749,6996816,7004571,4742,3166078,6908643,6916542,4383,3164944,-932,-271,-97,69,117473,118041,-8281,118030,40363,40699,1366,11815,44210,44170,376,44170,8900,9789,-510,9789,16086,16085,1,16085,37588,37528,12,37528,NA,NA,NA,9439,9439,0,9439,90523,92072,-711,91943,14273,15900,-2052,15900,0,0,0,0,1788,1830,-43,1830,70816,70115,1789,70115,3611,4147,-458,4145,0,0,0,0,35,34,6,-92,6229291,6233390,10484,2627056,2347,2347,0,0,1933380,1954967,-6284,443192,0,0,0,0,0,0,0,0,0,0,0,0,4293563,4276076,16768,2183864,326044,326044,0,326042,35513,35513,233,11782,270514,270514,2573,154446,3661492,3644005,13962,1691595,-5004,-5060,167,7700,320706,320660,1577,191320,21641,21498,350,799,5200,5200,0,0,1940702,2022663,17636,1799502,0,0,0,0,16224,16224,-7,10969,132045,189752,5900,135609,1792434,1816687,11743,1652924,217053,216280,-666,-73788,1,0,-1,-3815,217052,216280,-665,-69973,1992702,1988190,5317,242503,49,47,2,-127,11041,11041,0,0,50290,50290,8,335
8/5/2020,2753531,1706637,4305651,4240184,4277194,-112104,1987812,48821,47993,-125,3597,114000,114000,0,114000,2753531,2713287,98015,1174043,6993715,6990481,-14090,3161855,6905429,6902265,-14277,3160726,-233,-420,-149,-268,105663,106966,-11075,106939,40930,39715,-984,9357,44351,44280,110,44280,8646,8861,-928,8861,16087,16086,1,16086,37601,37594,66,37594,NA,NA,NA,10123,10123,684,10123,84076,87812,-4260,87705,12253,13133,-2767,13133,0,0,0,0,1163,1191,-639,1191,67820,69923,-192,69923,2809,3529,-618,3528,0,0,0,0,32,34,0,-73,6241464,6234900,1510,2640074,2347,2347,0,0,1933466,1933456,-21511,421681,0,0,0,0,0,0,0,0,0,0,0,0,4305651,4299097,23021,2218394,326044,326044,0,326042,35866,35618,105,11857,273306,272049,1535,155504,3670435,3665386,21381,1724990,-4948,-4995,65,7750,321669,321342,682,192225,21746,21677,179,789,5200,5200,0,0,1864150,1898742,-123921,1701035,0,0,0,0,16228,16228,4,10972,141284,137286,-52466,76538,1706637,1745228,-71459,1613524,212448,219785,3505,-79271,0,109,109,-3685,212448,219676,3396,-75586,2000720,1996626,8436,248578,45,48,1,-127,11041,11041,0,0,50299,50299,9,341
8/12/2020,2828170,1635143,4320093,4177564,4210268,-66926,1929066,49186,50359,2366,4739,114000,114000,0,114000,2828170,2788961,75674,1238555,7005734,6999230,8749,3167622,6917675,6911119,8854,3166725,-289,-190,230,-63,99782,99782,-7184,99737,44067,42903,3188,10275,44413,44403,123,44403,8603,8632,-229,8632,16088,16087,1,16087,37734,37620,26,37620,NA,NA,NA,10124,10123,0,10123,83084,83459,-4353,83360,11484,11758,-1375,11758,0,0,0,0,693,794,-397,794,68177,68111,-1812,68111,2690,2693,-836,2692,0,0,0,0,40,39,5,-59,6255988,6250680,15780,2655163,2347,2347,0,0,1933548,1933536,80,421074,0,0,0,0,0,0,0,0,0,0,0,0,4320093,4314797,15700,2234089,326044,326044,0,326044,36573,36154,536,12387,275707,273649,1600,157104,3681769,3678950,13564,1738554,-4880,-4912,83,7805,322962,322532,1190,193584,21518,21571,-106,558,5200,5200,0,0,1789857,1825445,-73297,1625334,0,0,0,0,16222,16222,-6,10967,138492,139490,2204,74591,1635143,1669733,-75495,1539776,218346,217399,-2386,-70228,103,16,-93,-3468,218243,217383,-2293,-66760,2006119,2003019,6393,255343,55,46,-2,-122,11041,11041,0,0,50299,50299,0,338
8/19/2020,2821853,1636393,4345544,4237299,4225799,15531,1927646,48036,51171,812,6790,114000,114000,0,114000,2821849,2827685,38724,1311640,7059149,7053484,54254,3239286,6970886,6965305,54186,3238151,-245,-205,-15,-84,95780,95822,-3960,95779,28633,38367,-4536,19833,44480,44466,63,44466,8588,8601,-31,8601,16089,16088,1,16088,37983,37889,269,37889,NA,NA,NA,10771,10770,647,10770,82190,82497,-962,82365,10839,11202,-556,11202,0,0,0,0,693,693,-101,693,67800,67903,-208,67903,2818,2659,-34,2625,0,0,0,0,39,41,2,-57,6325788,6310668,59988,2717524,2347,2347,0,0,1977897,1979015,45479,474077,0,0,0,0,0,0,0,0,0,0,0,0,4345544,4329307,14510,2243448,326044,326044,0,323043,36958,36817,663,13044,275707,275707,2058,159162,3706835,3690739,11789,1748199,-5063,-4928,-16,8126,325894,325270,2738,196794,21722,21639,68,800,5200,5200,0,0,1854307,1838536,13091,1644884,0,0,0,0,16610,16603,381,11347,201304,178428,38938,115757,1636393,1643505,-26228,1517780,211342,214577,-2822,-96190,112,42,26,-11897,211230,214535,-2848,-84292,2009555,2007458,4439,258276,60,56,10,-115,11041,11041,0,0,50299,50299,0,336
8/26/2020,2875400,1607449,4358559,4163460,4247656,21857,1935401,45653,48149,-3022,3146,114000,114000,0,114000,2875399,2815794,-11891,1317114,7038859,7063450,9966,3252515,6950725,6975315,10010,3251504,-326,-205,0,-32,92140,92140,-3682,92071,27717,28639,-9728,9396,44604,44542,76,44542,8588,8588,-13,8588,16541,16153,65,16153,38371,38198,309,38198,NA,NA,NA,10771,10771,1,10771,81105,81563,-934,81423,9961,10427,-775,10427,0,0,0,0,243,532,-161,532,68158,67921,18,67921,2704,2642,-17,2607,0,0,0,0,38,40,-1,-65,6310134,6333328,22660,2743781,2347,2347,0,0,1949228,1977745,-1270,481814,0,0,0,0,0,0,0,0,0,0,0,0,4358559,4353236,23929,2261967,326044,326044,0,323043,37440,37298,481,13519,276906,276906,1199,160361,3718169,3712988,22249,1765045,-4989,-5007,-79,7996,326070,326606,1336,198617,21594,21595,-44,678,5200,5200,0,0,1776806,1861199,22663,1634525,0,0,0,-1668,16614,16612,9,11356,152743,221898,43470,148105,1607449,1622690,-20815,1476733,213075,213256,-1321,-75607,9,24,-18,-7295,213066,213232,-1303,-68312,2013864,2010991,3533,259436,62,60,4,-100,11041,11041,0,0,50299,50299,0,333
9/2/2020,2850600,1651823,4386637,4214859,4197988,-49668,1876573,48901,47653,-496,3508,114000,114000,0,114000,2850600,2851916,36122,1364361,7065458,7049904,-13546,3240934,6977204,6961634,-13681,3239672,-805,-670,-465,-148,88967,89010,-3130,88138,28148,28540,-99,8879,44756,44669,127,44669,8588,8588,0,8588,16542,16541,388,16541,38687,38556,358,38556,NA,NA,NA,11146,11096,325,11096,80462,80868,-695,80771,9141,9649,-778,9649,0,0,0,0,243,243,-289,243,68090,68208,287,68208,2956,2734,92,2733,0,0,0,0,32,33,-7,-64,6338219,6322743,-10585,2735651,2347,2347,0,0,1949236,1949234,-28511,459629,0,0,0,0,0,0,0,0,0,0,0,0,4386637,4371162,17926,2276022,326044,326044,0,323043,38049,37908,610,14116,279915,279567,2661,163022,3742629,3727642,14654,1775840,-4987,-4979,28,7947,327480,326672,66,198985,21714,21730,135,932,5200,5200,0,0,1817516,1806455,-54744,1591697,0,0,0,0,16619,16615,3,11345,149074,150680,-71218,89931,1651823,1639159,16469,1490419,212664,212925,-331,-88776,14,5,-19,-7372,212650,212920,-312,-81404,2021727,2016895,5904,256242,51,60,0,-98,11041,11041,0,0,50299,50299,0,330
9/9/2020,2906854,1570533,4393621,4152276,4198912,924,1842167,49807,50896,3243,5627,114000,114000,0,114000,2906853,2857463,5547,1400667,7059130,7056375,6471,3242834,6970989,6968229,6595,3241619,-261,-175,495,-6,72069,72069,-16941,72029,31582,30386,1846,8964,44790,44797,128,44797,8588,8588,0,8588,16543,16542,1,16542,38899,38835,279,38835,NA,NA,NA,11147,11146,50,11146,78362,79471,-1397,79383,7889,8625,-1024,8625,0,0,0,0,243,243,0,243,67489,67732,-476,67732,2710,2838,104,2837,0,0,0,0,31,34,1,-53,6345567,6343399,20656,2753291,2347,2347,0,0,1949599,1949547,313,459942,2,0,0,0,2,0,0,0,0,0,0,0,4393621,4391505,20343,2293349,326044,326044,0,323043,38499,38384,476,14434,281116,281116,1549,164114,3747962,3745962,18320,1791759,-4958,-4968,11,7850,328660,328139,1467,200200,21582,21587,-143,872,5200,5200,0,0,1754381,1799059,-7396,1545957,0,0,0,0,16774,16752,137,11496,167073,171224,20544,108720,1570533,1611083,-28076,1425741,203965,207908,-5017,-84066,1,0,-5,-1960,203964,207908,-5012,-82106,2030073,2026998,10103,260761,51,51,-9,-112,11041,11041,0,0,50318,50318,19,343
9/16/2020,2869311,1692809,4407005,4243764,4194253,-4659,1751531,48181,51554,658,6622,114000,114000,0,114000,2869309,2885412,27949,1491290,7113073,7079665,23290,3242821,7024780,6991433,23204,3241472,-213,-249,-74,-121,52274,54819,-17250,54780,32977,33009,2623,9928,44923,44852,55,44852,8588,8588,0,8588,16544,16543,1,16543,38959,38921,86,38921,NA,NA,NA,11430,11187,41,11187,77948,78077,-1394,77945,7440,7653,-972,7653,0,0,0,0,258,247,4,247,67181,67351,-381,67351,3036,2795,-43,2740,0,0,0,0,33,31,-3,-46,6414387,6380403,37004,2787274,2347,2347,0,0,2005035,1975298,25751,486606,0,0,0,-18307,0,0,0,0,0,0,0,-18307,4407005,4402759,11254,2300669,326044,326044,0,322614,39348,39007,623,14753,285918,283860,2744,165714,3755695,3753848,7886,1797587,-4906,-4923,45,7803,331867,330204,2065,202077,21716,21654,67,994,5200,5200,0,0,1853922,1799384,325,1462957,0,0,0,0,18866,17223,471,11998,142247,167307,-3917,86332,1692809,1614855,3772,1364629,198482,200186,-7722,-98916,55,10,10,-4909,198427,200176,-7732,-94007,2029130,2029078,2080,266982,48,50,-1,-115,11041,11041,0,0,50336,50336,18,355
9/23/2020,2848085,1661732,4431523,4293464,4289839,95586,1794649,47652,49413,-2141,4197,114000,114000,0,114000,2848082,2830499,-54913,1430328,7141546,7120338,40673,3224977,7053440,7032062,40629,3223547,-446,-204,45,-75,31950,32610,-22209,32568,34960,34465,1456,11038,44972,44974,122,44974,8588,8588,0,8588,16546,16545,2,16545,39355,39177,256,39177,NA,NA,NA,11431,11431,244,11431,78231,77924,-153,77829,7344,7377,-276,7377,0,0,0,0,233,233,-14,233,67254,67141,-210,67141,3359,3137,342,3133,0,0,0,0,41,35,4,-55,6458738,6438478,58075,2850488,2347,2347,0,0,2024868,2020027,44729,541789,0,0,0,-82250,0,0,0,0,0,0,0,-82250,4431523,4416105,13346,2308700,326044,326044,0,320042,39731,39590,583,15281,285918,285918,2058,167772,3779831,3764553,10705,1805605,-4837,-4870,53,7856,333951,332945,2741,205379,21510,21680,26,1063,5200,5200,0,0,1898360,1897710,98326,1503659,0,0,0,0,18871,18871,1648,13686,217757,198152,30845,123475,1661732,1680688,65833,1366499,204352,200304,118,-93787,1,8,-2,-5046,204351,200296,120,-88741,2029060,2028366,-712,266704,40,47,-3,-123,11041,11041,0,0,50355,50355,19,367
9/30/2020,2743246,1781679,4445477,4360382,4265179,-24660,1755161,47545,47834,-1579,3283,114000,114000,0,114000,2743245,2839316,8817,1370116,7103627,7104495,-15843,3125277,7015460,7016405,-15657,3123980,-1329,-502,-298,90,23895,25399,-7211,24426,32625,33975,-490,10555,45042,45026,52,45026,8589,8588,0,8588,16547,16546,1,16546,39718,39519,342,39519,NA,NA,NA,11715,11516,85,11516,78373,77499,-425,77401,7088,7196,-181,7196,0,0,0,0,233,233,0,233,67573,66914,-227,66914,3437,3114,-23,3105,0,0,0,0,42,41,6,-49,6430599,6429943,-8535,2847619,2347,2347,0,0,1982775,1988789,-31238,521531,1000,429,429,-171371,1000,429,429,429,0,0,0,-171800,4445477,4438807,22702,2326089,326044,326044,0,320042,40220,40064,474,15701,288760,287352,1434,168672,3790453,3785348,20795,1821674,-4736,-4736,134,7950,333422,333204,259,206116,21553,21475,-205,918,5200,5200,0,0,1961073,1870890,-26820,1460380,0,0,0,0,18916,18878,7,13692,160477,172860,-25292,102707,1781679,1679152,-1536,1343981,205233,202522,2218,-89459,850,308,300,-4547,204383,202214,1918,-84911,2032506,2029894,1528,267098,25,38,-9,-143,11041,11041,0,0,50374,50374,19,380
10/7/2020,2863357,1687434,4469848,4259732,4267068,1889,1777305,49473,49003,1169,3530,114000,114000,0,114000,2863357,2840860,1544,1334405,7123089,7107929,3434,3111712,7034915,7019728,3323,3110403,-407,-219,283,-107,15838,15838,-9561,15799,35787,34624,649,9427,45164,45103,77,45103,8590,8589,1,8589,16548,16547,1,16547,40076,39941,422,39941,NA,NA,NA,11715,11715,199,11715,75924,76238,-1261,76161,6292,6507,-689,6507,0,0,0,0,233,233,0,233,66426,66576,-338,66576,2939,2889,-225,2887,0,0,0,0,33,33,-8,-41,6454984,6441104,11161,2851604,2347,2347,0,0,1982789,1982787,-6002,515523,1059,1008,579,-178313,1000,1000,571,1000,59,8,8,-179313,4469848,4455970,17163,2336081,326044,326044,0,320042,40454,40368,304,15953,288760,288760,1408,168910,3814590,3800798,15450,1831176,-4694,-4713,23,7874,334331,333953,749,206063,21551,21579,104,928,5200,5200,0,0,1869371,1869950,-940,1482482,0,0,0,0,18897,18892,14,13706,163039,153984,-18876,89893,1687434,1697074,17922,1378883,188543,199220,-3302,-91116,11,2,-306,-4336,188532,199218,-2996,-86779,2038320,2034870,4976,268575,25,25,-13,-165,11041,11041,0,0,50381,50381,7,380
10/14/2020,2907734,1647937,4484978,4291998,4271692,4624,1755539,55702,52308,3305,6827,114000,114000,0,114000,2907734,2861929,21069,1381561,7199732,7133621,25692,3137101,7111490,7045371,25643,3135700,-501,-246,-27,-129,7478,8132,-7706,8089,39037,37962,3338,10954,45300,45221,118,45221,8559,8581,-8,8581,16549,16548,1,16548,40547,40283,342,40283,NA,NA,NA,11716,11716,1,11716,74670,74758,-1480,74693,6119,6137,-370,6137,0,0,0,0,193,193,-40,193,65577,65783,-793,65783,2769,2619,-270,2617,0,0,0,0,12,26,-7,-37,6534164,6471074,29970,2878074,2347,2347,0,0,2046839,1991969,9182,523029,1000,1000,-8,-173364,1000,1000,0,1000,0,0,-8,-174364,4484978,4476758,20788,2355045,326044,326044,0,320042,40919,40814,446,16291,291159,290816,2056,169823,3826856,3819084,18286,1848890,-4597,-4635,78,7903,337568,334977,1024,207132,21614,21621,42,1020,5200,5200,0,0,1883707,1874176,4226,1474066,0,0,0,0,18902,18902,10,13716,216868,174277,20293,103957,1647937,1680998,-16076,1356394,195828,190140,-9080,-109463,0,30,28,-2317,195828,190110,-9108,-107146,2042723,2041041,6171,270280,38,27,2,-171,11041,11041,0,0,50388,50388,7,381
10/21/2020,2890130,1699497,4509778,4335679,4338622,66930,1767499,49945,50401,-1907,4818,114000,114000,0,114000,2890130,2860480,-1449,1411437,7225809,7199102,65481,3178935,7137392,7110865,65494,3177663,-319,-219,27,-118,7642,7451,-681,7408,39140,38990,1028,11562,45378,45354,133,45354,8559,8559,-22,8559,16550,16549,1,16549,40893,40720,437,40720,NA,NA,NA,11762,11755,39,11755,73212,74150,-608,74095,5740,6019,-118,6019,0,0,0,0,193,193,0,193,64126,65125,-658,65125,3146,2804,185,2803,0,0,0,0,7,9,-17,-44,6559360,6533450,62376,2933060,2347,2347,0,0,2047235,2035499,43530,574385,1000,1000,0,-189580,1000,1000,0,1000,0,0,0,-190580,4509778,4495604,18846,2358675,326044,326044,0,308255,41581,41447,633,16925,294761,294418,3602,173425,3847392,3833695,14611,1860070,-4608,-4623,12,7963,338824,337728,2751,210334,21780,21601,-20,891,5200,5200,0,0,1941585,1942811,68635,1500009,0,0,0,0,21247,20034,1132,14847,220841,197985,23708,138355,1699497,1724792,43794,1346807,187435,189336,-804,-121670,0,3,-27,-17004,187435,189333,-777,-104666,2042671,2042036,995,270503,43,39,12,-161,11041,11041,0,0,50395,50395,7,382
10/28/2020,2947256,1653039,4527186,4247161,4332476,-6146,1763341,47446,48505,-1896,3627,114000,114000,0,114000,2947256,2880781,20301,1397079,7194417,7213256,14154,3160419,7106102,7124894,14029,3158955,-757,-256,-37,-7,6799,6799,-652,6758,39473,40023,1033,12524,45477,45435,81,45435,8576,8561,2,8561,16551,16550,1,16550,41273,41142,422,41142,NA,NA,NA,11763,11762,7,11762,72462,72406,-1744,72351,5530,5627,-392,5627,0,0,0,0,243,236,43,236,63899,63883,-1242,63883,2790,2656,-148,2643,0,0,0,0,1,4,-5,-38,6529839,6547389,13939,2934591,2347,2347,0,0,2000305,2027280,-8219,579804,1000,1000,0,-210736,1000,1000,0,1000,0,0,0,-211736,4527186,4517762,22158,2354787,326044,326044,0,285752,41918,41830,383,17310,295962,295962,1544,174969,3863263,3853927,20232,1876757,-4589,-4595,28,8106,338236,338677,949,211918,21672,21719,118,1081,5200,5200,0,0,1838848,1932177,-10634,1470866,0,0,0,0,21251,21249,1215,16062,164558,229996,32011,163744,1653039,1680933,-43859,1291061,201893,194892,5556,-91822,5,1,-2,-107,201888,194891,5558,-91716,2044925,2042858,822,266819,49,43,4,-149,11041,11041,0,0,50402,50402,7,382
11/4/2020,2979537,1618568,4538087,4226719,4231736,-100740,1668947,50117,48646,141,3180,114000,114000,0,114000,2979537,2966737,85956,1442798,7206256,7198473,-14783,3111745,7117962,7110243,-14651,3110502,-102,-319,-63,-128,7248,7205,406,7159,40183,40056,33,11521,45663,45528,93,45528,8559,8562,1,8562,16552,16551,1,16551,41683,41475,333,41475,NA,NA,NA,12266,12193,431,12193,69660,70671,-1735,70646,5504,5518,-109,5518,0,0,0,0,263,249,13,249,61522,62470,-1413,62470,2372,2434,-222,2433,0,0,0,0,0,1,-3,-24,6540758,6533351,-14038,2902984,2347,2347,0,0,2000324,2000323,-26957,554552,1000,1000,0,-226103,1000,1000,0,1000,0,0,0,-227103,4538087,4530681,12919,2348432,326044,326044,0,270750,42148,42059,229,17527,297163,296476,514,173705,3872732,3866102,12175,1886450,-4672,-4607,-12,8148,339163,338578,-99,211966,21644,21580,-139,859,5200,5200,0,0,1819499,1821360,-110817,1380753,0,0,0,0,21264,21257,8,16074,179666,178758,-51238,120363,1618568,1621346,-59587,1244317,193037,200935,6043,-93336,0,2,1,-2244,193037,200933,6042,-91092,2050021,2046746,3888,264497,45,49,6,-147,11041,11041,0,0,50409,50409,7,383
11/11/2020,2992099,1570768,4552731,4232055,4238629,6893,1677795,52475,52644,3998,7135,114000,114000,0,114000,2992098,2976170,9433,1443854,7224153,7214799,16326,3121649,7135848,7126366,16123,3120015,-133,-108,211,-5,8036,8059,854,8018,43313,42199,2143,11297,45692,45672,144,45672,8559,8559,-3,8559,16553,16552,1,16552,42337,42123,648,42123,NA,NA,NA,12266,12266,73,12266,68178,68820,-1851,68796,5496,5497,-21,5497,0,0,0,0,263,263,14,263,60102,60686,-1784,60686,2317,2374,-60,2370,0,0,0,0,0,0,-1,-21,6555446,6546849,13498,2899016,2347,2347,0,0,2000368,2000361,38,553969,1000,1000,0,-212514,1000,1000,0,1000,0,0,0,-213514,4552731,4544140,13459,2345046,326044,326044,0,259177,42258,42220,161,17333,297163,297163,687,173020,3887266,3878713,12611,1895517,-4660,-4669,-62,8054,339262,339043,465,212181,21647,21776,196,1250,5200,5200,0,0,1811658,1822945,1585,1378309,0,0,0,0,21267,21267,10,16084,219623,200841,22083,143344,1570768,1600837,-20509,1218882,195811,194821,-6114,-88810,0,0,-2,-1048,195811,194821,-6112,-87762,2058059,2054172,7426,267306,52,46,-3,-147,11041,11041,0,0,50416,50416,7,384
11/18/2020,3033229,1546924,4584423,4258642,4234482,-4147,1679014,49752,53152,508,7594,114000,114000,0,114000,3033228,3043822,67652,1525063,7291871,7278303,63504,3204075,7203357,7189890,63524,3202539,-80,-94,14,-7,7141,7512,-547,7464,29486,38346,-3853,17122,45838,45757,85,45757,8557,8557,-2,8557,16554,16553,1,16553,42894,42561,438,42561,NA,NA,NA,12293,12274,8,12274,65187,66194,-2626,66169,5242,5387,-110,5387,0,0,0,0,255,261,-2,261,57523,58360,-2326,58360,2167,2188,-186,2184,0,0,0,0,0,0,0,-21,6637946,6615100,68251,2962642,2347,2347,0,0,2051176,2047230,46869,605139,1000,1000,0,-199109,1000,1000,0,1000,0,0,0,-200109,4584423,4565522,21382,2357503,326044,326044,0,251675,42613,42573,353,17606,299562,299562,2399,175190,3916204,3897344,18631,1913032,-4915,-4765,-96,8142,341456,340895,1852,214414,21850,21749,-27,1151,5200,5200,0,0,1844341,1815504,-7441,1380340,0,0,0,0,21274,21285,18,16102,276143,237327,36486,176158,1546924,1556892,-43945,1188079,190237,192234,-2587,-96839,103,18,18,-11671,190134,192216,-2605,-85168,2060258,2059539,5367,274051,54,52,6,-133,11041,11041,0,0,50423,50423,7,385
11/25/2020,3143863,1484036,4606580,4121209,4219123,-15359,1657177,49224,51112,-2040,6505,114000,114000,0,114000,3143863,3083636,39814,1556939,7265072,7302759,24456,3214116,7176567,7214280,24390,3212475,-225,-146,-52,106,7845,7673,161,7626,29759,30451,-7895,10486,45982,45902,145,45902,8557,8557,0,8557,16555,16554,1,16554,43371,43092,531,43092,NA,NA,NA,12294,12293,19,12293,63864,64769,-1425,64746,5192,5199,-188,5199,0,0,0,0,240,253,-8,253,56003,56684,-1676,56684,2428,2633,445,2629,0,0,0,0,0,0,0,-19,6612518,6647583,32483,2980386,2347,2347,0,0,2003592,2050033,2803,618593,1000,1000,0,-200969,1000,1000,0,1000,0,0,0,-201969,4606580,4595203,29681,2361793,326044,326044,0,231315,43059,42806,233,17811,303162,301105,1543,176733,3934315,3925247,27903,1935932,-4970,-4984,-219,8069,340018,341536,641,215627,21833,21807,58,1254,5200,5200,0,0,1694090,1795808,-19696,1349384,0,0,0,0,21274,21274,-11,16093,188781,257319,19992,177017,1484036,1517215,-39677,1156274,197904,196075,3841,-86856,0,355,337,-3867,197904,195720,3504,-82989,2065945,2062076,2537,274275,44,53,1,-130,11041,11041,0,0,50430,50430,7,386
12/2/2020,3101235,1557239,4614410,4169448,4148348,-70775,1615418,50666,49867,-1245,4789,114000,114000,0,114000,3101235,3117307,33671,1544046,7270683,7265655,-37104,3159464,7181887,7177035,-37245,3157735,-584,-464,-318,-82,8449,8355,682,8308,28822,29434,-1017,9015,46078,46028,126,46028,8563,8559,2,8559,16556,16555,1,16555,43783,43498,406,43498,NA,NA,NA,12118,12218,-75,12218,61613,63010,-1759,62993,4492,4915,-284,4915,0,0,0,0,250,243,-10,243,54879,55518,-1166,55518,1992,2334,-299,2331,0,0,0,0,0,0,0,-14,6620378,6613957,-33626,2937409,2347,2347,0,0,2003621,2003617,-46416,579893,1000,1000,0,-209197,1000,1000,0,1000,0,0,0,-210197,4614410,4607993,12790,2357516,326044,326044,0,218456,43158,43120,314,18091,304826,303875,2770,179503,3940382,3934954,9707,1941465,-5066,-4995,-11,8110,340177,339879,-1657,214320,22118,21942,135,1343,5200,5200,0,0,1751494,1728257,-67551,1317494,0,0,0,0,21288,21279,5,16096,172967,175925,-81394,117315,1557239,1531053,13838,1184082,185537,189060,-7015,-94657,1,1,-354,-416,185536,189059,-6661,-94241,2067710,2067119,5043,273933,41,44,-9,-142,11041,11041,0,0,50438,50438,8,388
12/9/2020,3147656,1502361,4630538,4143733,4163318,14970,1667832,51859,52322,2455,7339,114000,114000,0,114000,3147656,3117480,173,1478823,7291389,7280798,15143,3146656,7202680,7192018,14983,3144788,-93,-72,392,33,9565,9333,978,9264,31961,30800,1366,8607,46138,46123,95,46123,8557,8562,3,8562,16359,16472,-83,16472,44821,44205,707,44205,NA,NA,NA,12463,12265,47,12265,59426,60005,-3005,59983,4449,4462,-453,4462,0,0,0,0,250,250,7,250,52776,53206,-2312,53206,1952,2087,-247,2076,0,0,0,0,0,0,0,-11,6636541,6627832,13875,2928324,2347,2347,0,0,2003656,2003651,34,579926,1000,1000,0,-212021,1000,1000,0,1000,0,0,0,-213021,4630538,4621834,13841,2348398,326044,326044,0,200883,43415,43285,165,18145,308426,306368,2493,181539,3952652,3946137,11183,1947832,-5080,-5079,-84,8045,341023,340571,692,214926,22027,22098,156,1482,5200,5200,0,0,1718891,1747509,19252,1355343,0,0,0,0,21823,21798,519,16615,194708,191468,15543,131350,1502361,1534243,3190,1207378,192257,183152,-5908,-83065,3,1,0,-531,192254,183151,-5908,-82535,2066687,2066294,-825,274362,40,41,-3,-147,11041,11041,0,0,50441,50441,3,386
12/16/2020,3168826,1615873,4662841,4242471,4172666,9348,1658401,55747,54177,1855,8814,114000,114000,0,114000,3168826,3168240,50760,1507991,7411297,7340905,60107,3166391,7322422,7252103,60085,3164510,-106,-186,-114,-80,10048,10367,1034,10288,33962,33691,2891,9717,46286,46202,79,46202,8557,8557,-5,8557,21267,17060,588,17060,47515,46028,1823,46028,NA,NA,NA,12464,12463,198,12463,58809,58700,-1305,58676,4449,4449,-13,4449,0,0,0,0,350,264,14,264,52139,52222,-984,52222,1871,1766,-321,1751,0,0,0,0,0,0,0,-9,6744281,6681311,53479,2965403,2347,2347,0,0,2079093,2035832,32181,609518,1000,1000,0,-234292,1000,1000,0,1000,0,0,0,-235292,4662841,4643132,21298,2355885,326044,326044,0,189738,43448,43436,151,18139,308426,308426,2058,182453,3984922,3965226,19089,1965555,-5482,-5276,-197,7874,343821,342185,1614,216613,22189,22117,19,1499,5200,5200,0,0,1813826,1746417,-1092,1330217,0,0,0,0,21825,21823,25,16641,176128,194895,3427,116469,1615873,1529698,-4545,1197106,190860,191636,8484,-68075,26,18,17,-2284,190834,191618,8467,-65791,2068007,2066397,103,273581,31,38,-3,-137,11041,11041,0,0,50445,50445,4,384
12/23/2020,3177310,1583308,4682881,4275347,4291489,118823,1736173,49508,51174,-3003,6478,114000,114000,0,114000,3177306,3143041,-25199,1491114,7452652,7434530,93625,3227287,7363749,7345583,93480,3225221,-202,-123,63,-13,16833,16378,6011,12649,35919,35396,1705,10643,46410,46348,146,46348,8557,8557,0,8557,21275,21268,4208,21268,52154,49885,3857,49885,NA,NA,NA,12663,12549,86,12549,57761,58224,-476,58210,4212,4389,-60,4389,0,0,0,0,485,419,155,419,50930,51271,-951,51271,2134,2145,379,2143,0,0,0,0,0,0,0,-11,6771803,6757273,75962,3012364,2347,2347,0,0,2086574,2082343,46511,661457,1000,1001,1,-234211,1000,1001,1,1001,0,0,0,-235212,4682881,4672583,29451,2350907,326044,326044,0,161877,43621,43571,135,18195,312024,310825,2399,184852,4001192,3992143,26917,1985982,-5443,-5461,-185,7855,345019,344289,2104,219119,22214,22257,140,1682,5200,5200,0,0,1836213,1858777,112360,1406156,0,0,0,0,21826,21826,3,16644,231079,234545,39650,154926,1583308,1602407,72709,1234587,198524,196155,4519,-62568,857,258,240,-8969,197667,195897,4279,-53600,2077071,2071351,4954,272246,30,31,-7,-140,11041,11041,0,0,50448,50448,3,382
12/30/2020,3142977,1613514,4688916,4268425,4317185,25696,1724622,49404,50412,-762,5511,114000,114000,0,114000,3142970,3122156,-20885,1506310,7411396,7439341,4811,3230931,7322274,7350410,4827,3229014,-761,-192,-69,278,17883,16983,605,13254,36122,36816,1420,12308,46532,46455,107,46455,8557,8557,0,8557,21278,21275,7,21275,54073,53517,3632,53517,NA,NA,NA,12664,12663,114,12663,56701,56977,-1247,56951,3621,3873,-516,3873,0,0,0,0,485,485,66,485,50860,50834,-437,50834,1735,1785,-360,1770,0,0,0,0,0,0,0,-11,6730731,6757661,388,3017726,2347,2347,0,0,2039468,2066409,-15934,657732,1000,1000,-1,-241326,1000,1000,-1,1000,0,0,0,-242326,4688916,4688906,16323,2359995,326044,326044,0,156519,43654,43644,73,18192,312024,312024,1199,185648,4007193,4007193,15050,1999635,-5430,-5439,22,7844,342923,344135,-154,219510,22429,22238,-19,1537,5200,5200,0,0,1808390,1866256,7479,1410453,0,0,0,0,21831,21830,4,16648,173045,253372,18827,185304,1613514,1591055,-11352,1208502,209763,205017,8862,-80792,652,264,6,-19788,209111,204753,8856,-61003,2086840,2081471,10120,275591,28,30,-1,-141,11041,11041,0,0,50452,50452,4,381
1/6/2021,3163779,1607396,4699421,4219748,4327602,10417,1766290,50903,49864,-548,6696,72706,102202,-11798,102202,3163778,3068284,-53872,1414198,7383526,7395886,-43455,3180488,7294489,7306876,-43534,3178548,-112,-372,-180,-170,16911,17744,761,14016,36349,34608,-2208,8692,26371,37911,-8544,37911,8557,8557,0,8557,11680,17164,-4111,17164,54155,54119,602,54119,NA,NA,NA,6676,9818,-2845,9818,54216,55466,-1511,55461,2496,3264,-609,3264,0,0,0,0,485,485,0,485,49750,50140,-694,50140,1485,1577,-208,1574,0,0,0,0,0,0,0,-2,6741237,6733491,-24170,2986806,2347,2347,0,0,2039469,2039468,-26941,630791,1000,1000,0,-239958,1000,1000,0,1000,0,0,0,-240958,4699421,4691676,2770,2356014,326044,326044,0,152233,43625,43652,8,18192,314307,314307,2283,186923,4015445,4007673,480,1998667,-5544,-5530,-91,7710,342993,342899,-1236,218423,22340,22315,77,1565,5200,5200,0,0,1797467,1872318,6062,1437763,0,0,0,0,21839,21839,9,16657,168232,181152,-72220,118781,1607396,1669327,78272,1302325,206335,212779,7762,-65672,4,5516,5252,2351,206331,207263,2510,-68023,2092305,2090412,8941,285447,32,28,-2,-144,11041,11041,0,0,50455,50455,3,377
1/13/2021,3200869,1575875,4723733,4181804,4186391,-141211,1653509,49957,51140,1276,6112,51778,54768,-47434,54768,3200869,3183917,115633,1497116,7382674,7370308,-25578,3150624,7293832,7281407,-25469,3148640,-94,-89,283,15,11150,11150,-6594,11091,39508,38323,3715,10474,26310,26306,-11605,26306,8557,8557,0,8557,11605,11602,-5562,11602,33282,36263,-17856,36263,NA,NA,NA,6677,6676,-3142,6676,52152,52736,-2730,52731,1918,2129,-1135,2129,0,0,0,0,485,485,0,485,48235,48661,-1479,48661,1514,1461,-116,1457,0,0,0,0,0,0,0,-1,6765622,6751066,17575,2981146,2347,2347,0,0,2039542,2039532,64,631053,1000,1000,0,-222850,1000,1000,0,1000,0,0,0,-223850,4723733,4709188,17512,2350094,326044,326044,0,132730,43800,43675,23,18057,317909,316194,1887,187577,4035981,4023275,15602,2011730,-5570,-5551,-21,7722,343632,343367,468,218906,22141,22200,-115,1610,5200,5200,0,0,1773616,1785910,-86408,1361896,0,0,0,0,21842,21848,9,16666,175900,174641,-6511,106795,1575875,1589421,-79906,1238434,214173,202866,-9913,-63581,0,0,-5516,-659,214173,202866,-4397,-62922,2092245,2091674,1262,294458,35,32,4,-145,11041,11041,0,0,50460,50460,5,374
1/20/2021,3149807,1638331,4743552,4313842,4306161,119770,1726687,48213,51241,101,7066,51778,51778,-2990,51778,3149807,3154624,-29293,1532935,7463649,7460785,90477,3259622,7374824,7371975,90568,3257673,-86,-90,-1,26,10909,10909,-241,10855,39513,39877,1554,11446,26311,26310,4,26310,8557,8557,0,8557,11608,11605,3,11605,33290,33282,-2981,33282,NA,NA,NA,6678,6677,1,6677,51848,51691,-1045,51685,1905,1916,-213,1916,0,0,0,0,485,485,0,485,47408,47595,-1066,47595,2049,1695,234,1689,0,0,0,0,0,0,0,0,6845748,6842472,91406,3064111,2347,2347,0,0,2099849,2107435,67903,704474,1000,1000,0,-195617,1000,1000,0,1000,0,0,0,-196617,4743552,4732690,23502,2359637,326044,326044,0,122442,42859,43001,-674,17529,313218,313888,-2306,185883,4061431,4049756,26481,2033782,-6055,-6014,-463,7240,345504,345699,2332,221497,22118,22104,-96,1577,5200,5200,0,0,1909674,1898268,112358,1420415,0,0,0,0,23467,22068,220,16887,247875,249294,74653,180563,1638331,1626906,37485,1222965,206632,209850,6984,-52719,1806,344,344,-13068,204826,209506,6640,-39651,2097503,2094987,3313,300302,42,36,4,-155,11041,11041,0,0,50466,50466,6,373
1/27/2021,3228751,1613377,4766107,4224453,4310702,4541,1724983,48247,49874,-1367,5268,51778,51778,0,51778,3228751,3163008,8384,1546666,7453204,7473710,12925,3271650,7364432,7384854,12879,3269646,-545,-154,-64,31,9567,9781,-1128,9730,39813,40282,405,11178,26300,26310,0,26310,8558,8557,0,8557,11611,11608,3,11608,33301,33292,10,33292,NA,NA,NA,6678,6678,1,6678,51098,51420,-271,51414,1905,1905,-11,1905,0,0,0,0,485,485,0,485,46718,47001,-594,47001,1989,2029,334,2023,0,0,0,0,0,0,0,0,6838223,6856549,14077,3063065,2347,2347,0,0,2069769,2099392,-8043,705611,1000,1000,0,-181311,1000,1000,0,1000,0,0,0,-182311,4766107,4754809,22119,2357454,326044,326044,0,103154,42876,42895,-106,17440,315619,315619,1731,187614,4081568,4070251,20495,2049246,-6169,-6149,-135,7145,344999,345682,-17,221952,22060,22144,40,1632,5200,5200,0,0,1816435,1904558,6290,1391452,0,0,0,0,21836,21957,-111,16777,181223,249062,-232,173198,1613377,1633540,6634,1201479,210578,207383,-2467,-28240,1152,883,539,-1004,209426,206500,-3006,-27236,2097366,2097065,2078,304889,48,43,7,-165,11041,11041,0,0,50471,50471,5,371
2/3/2021,3202722,1629729,4772074,4256649,4262446,-48256,1700554,50248,49477,-397,5709,51778,51778,0,51778,3202722,3193118,30110,1548102,7459371,7455564,-18146,3248656,7370758,7366834,-18020,3246895,-65,-417,-263,-73,8679,8679,-1102,8631,40588,40676,394,11473,26290,26289,-21,26289,8558,8558,1,8558,11613,11612,4,11612,33311,33304,12,33304,NA,NA,NA,6404,6443,-235,6443,50865,50842,-578,50836,1802,1861,-44,1861,0,0,0,0,520,531,46,531,46867,46607,-394,46607,1675,1843,-186,1838,0,0,0,0,0,0,0,0,6844210,6840913,-15636,3035440,2347,2347,0,0,2069789,2069783,-29609,682494,1000,1000,0,-174319,1000,1000,0,1000,0,0,0,-175319,4772074,4768784,13975,2352947,326044,326044,0,89224,42972,42884,-11,17450,318021,316306,687,187061,4085037,4083550,13299,2059212,-6335,-6245,-96,7063,345641,345181,-501,221639,21896,22013,-131,1393,5200,5200,0,0,1846472,1840162,-64396,1359387,0,0,0,0,21854,21849,-108,16667,194889,192988,-56074,130718,1629729,1625325,-8215,1212003,208933,223589,16206,-20955,178,3451,2568,-838,208755,220138,13638,-20117,2099158,2097391,326,304805,59,49,6,-170,11041,11041,0,0,50476,50476,5,369
2/10/2021,3298639,1576744,4798901,4192336,4217748,-44698,1671569,52718,51857,2380,7325,51778,51778,0,51778,3298639,3258919,65801,1583353,7490975,7476668,21104,3254923,7402209,7388030,21196,3253013,-68,-68,349,27,8463,8463,-216,8408,43786,42612,1936,11070,26274,26258,-31,26258,8558,8558,0,8558,11536,11545,-67,11545,33321,33312,8,33312,NA,NA,NA,6405,6404,-39,6404,52378,51771,929,51771,1729,1729,-132,1729,0,0,0,0,510,519,-12,519,48509,47850,1243,47850,1630,1674,-169,1674,0,0,0,0,0,0,0,0,6871038,6858639,17726,3030377,2347,2347,0,0,2069790,2069790,7,681896,800,914,-86,-163810,800,914,-86,914,0,0,0,-164724,4798901,4786502,17718,2348481,326044,326044,0,70578,43263,43055,171,17599,320422,318364,2058,187541,4109172,4099038,15488,2072762,-6492,-6422,-177,6885,346211,346044,863,222208,22043,21913,-100,1543,5200,5200,0,0,1775112,1810641,-29521,1331866,0,0,0,0,22121,21959,110,16776,176248,179776,-13212,117421,1576744,1608906,-16419,1197669,212031,204073,-19516,-24213,0,76,-3375,-648,212031,203997,-16141,-23565,2100626,2099338,1947,304982,71,61,12,-170,11041,11041,0,0,50483,50483,7,366
2/17/2021,3407871,1568893,4824057,4198282,4222215,4467,1644884,49379,53250,1393,9090,51778,51778,0,51778,3407871,3378907,119988,1724789,7606153,7601122,124454,3369673,7517575,7512414,124384,3367576,-113,-70,-2,44,8165,8165,-298,8097,29036,40872,-1740,11356,26240,26269,11,26269,8556,8557,-1,8557,11538,11536,-9,11536,33265,33270,-42,33270,NA,NA,NA,6405,6405,1,6405,54019,53031,1260,53029,1729,1729,0,1729,0,0,0,0,265,265,-254,265,50271,49270,1420,49270,1755,1767,93,1765,0,0,0,0,0,0,0,0,6996966,6980839,122200,3143635,2347,2347,0,0,2170562,2166348,96558,776459,500,714,-200,-166700,500,714,-200,714,0,0,0,-167414,4824057,4812144,25642,2367175,326044,326044,0,65863,43348,43322,267,17892,320422,320422,2058,189370,4134243,4122355,23317,2094049,-6728,-6532,-110,6769,349725,349358,3314,225310,21847,21977,64,1734,5200,5200,0,0,1793134,1810026,-615,1300966,0,0,0,0,23052,22302,343,17117,201188,220683,40907,145613,1568893,1567041,-41865,1138236,201719,205063,990,-20701,50,24,-52,-2126,201669,205040,1043,-18574,2102193,2102025,2687,303928,79,72,11,-179,11041,11041,0,0,50490,50490,7,363
2/24/2021,3384262,1439646,4844574,4254613,4271101,48886,1691525,45703,50407,-2843,5911,51778,51778,0,51778,3384183,3369020,-9887,1742551,7638796,7640121,38999,3434076,7550111,7551414,39000,3431923,449,-18,52,165,6765,6765,-1400,6720,30927,30350,-10522,11148,26194,26233,-36,26233,8556,8556,-1,8556,11541,11539,3,11539,30958,32935,-335,32935,NA,NA,NA,6406,6406,1,6406,56321,55409,2378,55407,1630,1715,-14,1715,0,0,0,0,265,265,0,265,52334,51397,2127,51397,2092,2031,264,2029,0,0,0,0,0,0,0,0,7027599,7028677,47838,3182111,2347,2347,0,0,2180678,2191183,24835,812176,500,500,-214,-143343,500,500,-214,500,0,0,0,-143843,4844574,4835147,23003,2369934,326044,326044,0,49789,43728,43483,161,18085,324023,321966,1544,190914,4150779,4143654,21299,2111146,-6772,-6747,-215,6745,350667,350809,1451,227301,21947,21969,-8,1793,5200,5200,0,0,1849096,1863212,53186,1349047,0,0,0,0,22393,22090,-212,16903,387057,311145,90462,241532,1439646,1529977,-37064,1090612,205373,203513,-1550,-18234,1,220,196,-2666,205372,203293,-1747,-15568,2102578,2102111,86,303215,84,79,7,-193,11041,11041,0,0,50497,50497,7,361
3/3/2021,3564850,1420238,4867279,4041280,4092191,-178910,1559663,46073,44737,-5670,328,51778,51778,0,51778,3564850,3503120,134100,1804265,7606130,7595310,-44811,3363926,7517596,7506702,-44712,3362361,-296,-446,-428,45,4863,5095,-1670,5047,28685,28982,-1368,9470,26135,26156,-77,26156,8556,8556,0,8556,11545,11543,4,11543,30968,30961,-1974,30961,NA,NA,NA,5647,5755,-651,5755,56075,56164,755,56152,694,1101,-614,1101,0,0,0,0,255,255,-10,255,53388,53066,1669,53066,1738,1741,-290,1730,0,0,0,0,0,0,0,0,7003026,6991833,-36844,3126826,2347,2347,0,0,2133400,2133250,-57933,761406,500,500,0,-149793,500,500,0,500,0,0,0,-150293,4867279,4856236,21089,2365420,326044,326044,0,30501,44163,43882,399,18485,326422,324709,2743,193657,4170650,4161601,17947,2122777,-7455,-7348,-601,6129,349347,348952,-1857,225516,21789,21862,-107,1207,5200,5200,0,0,1636710,1672029,-191183,1215903,0,0,0,0,21873,22117,27,16930,194600,220363,-90782,143939,1420238,1429549,-100428,1055034,203339,221293,17780,-6941,507,6298,6078,4153,202832,214995,11702,-11094,2103286,2102269,158,298799,94,85,6,-204,11041,11041,0,0,50504,50504,7,358
3/10/2021,3646732,1310273,4889007,3981970,4027171,-65020,1462523,47419,46729,1992,593,51778,51778,0,51778,3646732,3592010,88890,1847485,7628702,7619182,23872,3310009,7540483,7530925,24223,3309335,-111,-103,343,91,2774,3176,-1919,3118,31830,30667,1685,9449,26027,26075,-81,26075,8556,8556,0,8556,11548,11545,2,11545,30978,30969,8,30969,NA,NA,NA,5648,5647,-108,5647,56301,56425,261,56417,594,665,-436,665,0,0,0,0,230,251,-4,251,54122,54057,991,54057,1355,1451,-290,1443,0,0,0,0,0,0,0,0,7024790,7015379,23546,3125247,2347,2347,0,0,2133436,2133402,152,761556,500,500,0,-198801,500,500,0,500,0,0,0,-199301,4889007,4879631,23395,2363691,326044,326044,0,11431,44553,44398,516,18634,327623,326766,2057,194342,4190787,4182423,20822,2139285,-8077,-7589,-241,5805,349720,349677,725,225218,21467,21505,-357,318,5200,5200,0,0,1582429,1628192,-43837,1152065,0,0,0,0,23474,23402,1285,18047,248682,244727,24364,154510,1310273,1360064,-69485,979508,193750,196194,-25099,-31869,100,746,-5552,-1200,193650,195448,-19547,-30669,2106484,2104182,1913,290167,110,96,11,-211,11041,11041,0,0,50511,50511,7,356
3/17/2021,3873323,1089501,4911633,3869027,4043555,16384,1388997,48203,52231,5502,7374,51778,51778,0,51778,3873323,3681030,89020,1785442,7742350,7724585,105403,3174439,7654172,7636348,105423,3173307,-85,-115,-12,115,790,1245,-1931,1200,34341,34058,3391,10999,26010,26024,-51,26024,8563,8557,1,8557,11550,11548,3,11548,30940,30963,-6,30963,NA,NA,NA,5648,5648,1,5648,57164,57034,609,50347,588,591,-74,591,0,0,0,0,145,188,-63,188,55580,55080,1023,55080,851,1175,-276,-5512,0,0,0,0,0,0,0,0,7135409,7117402,102023,3188377,2347,2347,0,0,2221429,2217249,83847,846819,0,429,-71,-388377,0,429,-71,429,0,0,0,-388806,4911633,4897807,18176,2341560,326044,326044,0,5001,44910,44779,381,18713,327623,327623,857,193684,4213056,4199360,16937,2124160,-8355,-8190,-601,4697,352195,351745,2068,223208,21420,21479,-26,779,5200,5200,0,0,1449173,1620468,-7724,1080227,0,0,0,0,30202,26310,2908,19951,329470,321576,76849,150270,1089501,1272583,-87481,910007,205516,209514,13320,-32542,0,4594,3848,-5971,205516,204920,9472,-26572,2114256,2109456,5274,282370,100,108,12,-209,11041,11041,0,0,50517,50517,6,354
3/24/2021,3809139,1031908,4921302,3959258,3947055,-96500,1077207,47477,49021,-3210,2384,51778,51778,0,51778,3809139,3826375,145345,1639404,7768397,7773430,48845,2716611,7680260,7685219,48871,2714855,-191,-107,8,83,832,832,-413,-167982,36008,35245,1187,10256,26023,26012,-12,26012,8556,8562,5,8562,11553,11551,3,11551,30945,30941,-22,30941,NA,NA,NA,5649,5648,0,5648,58981,58290,1256,-3040,516,557,-34,-6454,0,0,0,0,25,114,-74,-14276,57387,56603,1523,56603,1054,1015,-160,-38914,0,0,0,0,0,0,0,0,7158456,7163888,46486,2976470,2347,2347,0,0,2234807,2245823,28574,874238,0,0,-429,-387528,0,0,-429,0,0,0,0,-387528,4921302,4915718,17911,2102232,326044,326044,0,0,45644,45279,500,17130,331223,328824,1201,174351,4218391,4215571,16211,1910751,-9013,-8560,-370,2445,352461,352917,1172,201438,21372,21446,-33,1403,5200,5200,0,0,1493563,1495095,-125373,815411,0,0,0,0,30598,29805,3495,19446,431056,404153,82577,125080,1031908,1061138,-211445,670886,234444,229161,19647,-54308,21902,20995,16401,-8101,212542,208166,3246,-46207,2131904,2121901,12445,262169,92,99,-9,-226,11041,11041,0,0,50523,50523,6,352
3/31/2021,3672702,1121951,4942277,4064230,3853881,-93174,725964,45837,46794,-2227,-5974,51778,51778,0,51778,3672702,3876162,49787,1342254,7736931,7730043,-43387,2068218,7649010,7642034,-43185,2067230,-1050,-342,-235,101,2510,2510,1678,-325277,33168,34281,-964,6968,26034,26025,13,26025,8556,8556,-6,8556,11556,11554,3,11554,30953,30946,5,30946,NA,NA,NA,5282,5596,-52,5596,61188,59818,1528,-70490,200,303,-254,-46546,0,0,0,0,25,25,-89,-33857,60135,58549,1946,58549,828,941,-74,-48637,0,0,0,0,0,0,0,0,7129308,7121453,-42435,2516470,2347,2347,0,0,2184683,2184590,-61233,757070,0,1,1,-302462,0,1,1,1,0,0,0,-302463,4942277,4934516,18798,1759401,326044,326044,0,0,46083,45884,605,15457,334757,331728,2904,150666,4235393,4230860,15289,1593277,-9469,-9133,-573,72,350974,350769,-2148,159171,21151,21238,-208,637,5200,5200,0,0,1470283,1363594,-131501,650488,0,0,0,0,33209,32466,2661,15258,315122,305401,-98752,38770,1121951,1025727,-35411,596460,352177,253022,23861,-231856,134307,46262,25267,-168180,217870,206760,-1406,-63676,2144066,2138600,16699,261761,89,91,-8,-236,11041,11041,0,0,50530,50530,7,350
4/7/2021,3944055,954968,4959033,3813767,3812092,-41789,517721,49670,47937,1143,-5553,51778,51778,0,51778,3944055,3932949,56787,1172498,7757822,7745041,14998,1690218,7669670,7656966,14932,1688928,-106,-107,235,87,868,868,-1642,-384497,36330,35244,963,4684,25937,26020,-5,26020,8556,8556,0,8556,11413,11535,-19,11535,30962,30954,8,30954,NA,NA,NA,5283,5282,-314,5282,62814,61967,2149,-68037,0,171,-132,-53622,0,0,0,0,25,25,0,-32674,62080,61009,2460,61009,709,761,-180,-42752,0,0,0,0,0,0,0,0,7146064,7135255,13802,2162578,2347,2347,0,0,2184684,2184684,94,725482,0,0,-1,-227643,0,0,-1,0,0,0,0,-227643,4959033,4948224,13708,1437096,326044,326044,0,0,46570,46391,507,14221,334757,334757,3029,132132,4251662,4241032,10172,1290744,-9560,-9509,-376,-1552,351110,350900,131,120961,21367,21291,53,932,5200,5200,0,0,1289960,1325857,-37737,379045,0,0,0,0,32249,32308,-158,15548,302744,283446,-21955,51972,954968,1010103,-15624,311525,272073,239520,-13502,-173270,35035,13677,-32585,-116768,237038,225843,19083,-56502,2150204,2146913,8313,265950,80,88,-3,-229,11041,11041,0,0,50544,50544,14,359
4/14/2021,3936454,921685,4973499,3905510,3802720,-9372,438795,53946,52127,4190,-7735,50278,51136,-642,51136,3936454,3977813,44864,1058772,7841964,7780533,35492,1497566,7753650,7692317,35351,1496297,-218,-234,-127,32,795,795,-73,-392268,39605,38362,3118,4225,25959,25940,-80,25940,8556,8556,0,8415,11416,11414,-121,11414,30970,30963,9,30963,NA,NA,NA,5283,5283,1,5283,65102,64004,2037,-64600,0,0,-171,-51944,0,0,0,0,25,25,0,-35565,64334,63272,2263,63272,743,708,-53,-40326,0,0,0,0,0,0,0,0,7224865,7165867,30612,1970328,2347,2347,0,0,2249019,2193875,9191,718097,0,0,0,-201596,0,0,0,-1,0,0,0,-201596,4973499,4969645,21421,1252231,326044,326044,0,0,47298,47084,693,13545,337158,336815,2058,119571,4262999,4259702,18670,1119115,-10419,-9895,-386,-2772,351737,351262,362,100934,21515,21417,126,902,5200,5200,0,0,1363048,1280249,-45608,145844,0,0,0,0,31075,32017,-291,15665,410288,323138,39692,94901,921685,925094,-85009,35279,281853,265990,26470,-18474,50856,34294,20617,28401,230997,231696,5853,-46875,2156317,2153140,6227,268253,68,78,-10,-229,11041,11041,0,0,50558,50558,14,368
4/21/2021,3767454,1003443,5000306,4102507,4024758,222038,590159,50764,51620,-507,-14631,50278,50278,-858,50278,3767454,3825455,-152358,721951,7869961,7850213,69680,1312110,7781505,7761821,69504,1310612,-101,-94,140,110,673,673,-122,-405599,39863,39474,1112,3539,25975,25961,21,25961,8556,8556,0,6040,11418,11416,2,11416,30892,30887,-76,30887,NA,NA,NA,5283,5283,0,5283,69296,67006,3002,-51835,0,0,0,-49646,0,0,0,0,0,4,-21,-31262,68212,66134,2862,63157,1084,869,161,-34084,0,0,0,0,0,0,0,0,7249642,7232329,66462,1780557,2347,2347,0,0,2246989,2238592,44717,652724,0,0,0,-171508,0,0,0,-1,0,0,0,-171507,5000306,4991390,21745,1127833,326044,326044,0,0,46973,46761,-323,12012,330215,329530,-7285,98338,4297074,4289055,29353,1017482,-11267,-11113,-1218,-4670,351274,351442,180,80429,21644,21580,163,1122,5200,5200,0,0,1538320,1488191,207942,301598,0,0,0,0,29864,31246,-771,14953,505013,441043,117905,172074,1003443,1015902,90808,114571,302790,276410,10420,-14194,81329,50189,15895,41467,221461,226221,-5475,-55661,2160293,2158193,5053,267343,61,67,-11,-234,11041,11041,0,0,50572,50572,14,376
4/28/2021,3889018,932287,5014762,3940241,4029018,4260,503623,48385,50051,-1569,-13857,50278,50278,0,50278,3889018,3829269,3814,670127,7829259,7858286,8073,1173749,7740777,7769787,7966,1172132,-833,-214,-120,153,703,703,30,-433550,40039,40609,1135,2662,25970,25974,13,25974,8556,8556,0,5635,11121,11333,-83,11333,30895,30892,5,30892,NA,NA,NA,5284,5283,0,5283,73124,71774,4768,-49610,0,0,0,-47504,0,0,0,0,0,0,-4,-28618,72394,70716,4582,56713,731,1058,189,-30201,0,0,0,0,0,0,0,0,7208414,7235791,3462,1673293,2347,2347,0,0,2191305,2223186,-15406,608052,0,0,0,-163558,0,0,0,0,0,0,0,-163557,5014762,5010258,18868,1065241,326044,326044,0,0,47691,47378,617,11727,332616,331244,1714,92125,4308411,4305591,16536,961387,-11804,-11478,-365,-5671,349308,350565,-877,69297,21656,21673,93,1233,5200,5200,0,0,1295205,1440480,-47711,153956,0,0,0,0,29092,29071,-2175,12754,333827,443720,2677,171021,932287,967689,-48213,-29818,382891,327035,50625,55728,166732,104835,54646,100405,216159,222200,-4021,-44678,2163435,2161114,2921,257755,47,59,-8,-239,11041,11041,0,0,50586,50586,14,385
5/5/2021,3900803,946134,5040418,3958810,3967028,-61990,375166,51373,50002,-49,-14903,50278,50278,0,50278,3900803,3873728,44459,714790,7859613,7840756,-17530,1089955,7771255,7752308,-17479,1088608,-101,-305,-91,-30,653,653,-50,-444312,40993,39719,-890,1642,25996,25977,3,25977,8556,8556,0,4582,11123,11121,-212,11121,30659,30689,-203,30689,NA,NA,NA,4922,4973,-310,4973,76998,75079,3305,-43651,0,0,0,-44695,0,0,0,0,0,0,0,-19070,76453,74380,3664,49328,545,699,-359,-29214,0,0,0,0,0,0,0,0,7234090,7218456,-17335,1612954,2347,2347,0,0,2191325,2191325,-31861,586184,0,0,0,-172929,0,0,0,0,0,0,0,-172929,5040418,5024784,14526,1026770,326044,326044,0,0,48277,47978,600,11829,336054,335563,4319,90154,4330043,4315199,9608,924787,-12289,-12153,-675,-6522,349657,349543,-1022,64114,21517,21607,-66,954,5200,5200,0,0,1301187,1307973,-132507,-32008,0,0,0,0,28087,28234,-837,11884,326966,326050,-117670,129908,946134,953689,-14000,-173801,388304,393790,66755,123116,162800,166214,61379,164717,225504,227575,5375,-41602,2167632,2164940,3826,248939,36,46,-13,-255,11041,11041,0,0,50600,50600,14,393
5/12/2021,3955864,864253,5054395,3923964,3924810,-42218,252624,52793,54139,4137,-1784,50278,50278,0,24205,3955864,3947565,73837,790636,7879828,7872375,31619,1043259,7791401,7783820,31512,1041655,-112,-111,194,70,587,587,-66,-442251,44157,42977,3258,1738,25901,25934,-43,25890,8556,8556,0,4310,11125,11123,2,11123,30668,30660,-29,30660,NA,NA,NA,4922,4922,-51,4922,80503,78955,3876,-35289,0,0,0,-41333,0,0,0,0,0,0,0,-12044,79922,78393,4013,42470,581,562,-137,-24381,0,0,0,0,0,0,0,-2,7248067,7242922,24466,1569947,2347,2347,0,0,2191325,2191325,0,560285,1,0,0,-182487,1,0,0,-1402,0,0,0,-181086,5054395,5049250,24466,1009661,326044,326044,0,0,49050,48706,728,12186,339656,337426,1863,86660,4339645,4337073,21874,910814,-12757,-12450,-297,-7028,349783,349745,202,60052,21572,21699,92,1201,5200,5200,0,0,1222637,1259092,-48881,-131018,0,0,0,0,28126,28103,-131,11769,330258,332210,6160,135928,864253,898779,-54910,-278715,428832,393044,-746,118895,209257,172435,6221,169893,219575,220609,-6966,-50998,2169384,2168220,3280,242583,40,37,-9,-256,11041,11041,0,0,50614,50614,14,402
5/19/2021,3823981,860833,5071821,4148104,4043822,119012,308150,50264,53499,-640,1402,50278,50278,0,2564,3823979,3919807,-27758,646504,7972082,7963629,91254,954654,7883429,7875080,91260,953044,-106,-106,5,68,652,636,49,-445663,29766,38834,-4143,8982,25966,25910,-24,24727,8554,8556,0,4264,11127,11125,2,11125,30550,30616,-44,30616,NA,NA,NA,4922,4922,0,4922,83297,81678,2723,-30111,0,0,0,-38047,0,0,0,0,0,0,0,-8969,82635,81060,2667,37771,661,616,54,-20866,0,0,0,0,2,1,1,-1,7351729,7335912,92990,1463342,2347,2347,0,0,2277561,2271147,79822,474999,0,0,0,-161729,0,0,0,0,0,0,0,-161729,5071821,5062418,13168,988343,326044,326044,0,0,49740,49452,746,12738,340855,339827,2401,85633,4355182,4347095,10022,889972,-13320,-13139,-689,-7468,350289,350137,392,49970,21785,21680,-19,1199,5200,5200,0,0,1356199,1308661,49569,-132912,0,0,0,0,27750,28161,58,11843,467616,414381,82171,183536,860833,866119,-32660,-328291,522156,462719,69675,201871,293998,243600,71165,241603,228158,219119,-1490,-39732,2169173,2168626,406,235459,34,39,2,-234,11041,11041,0,0,50628,50628,14,411
5/26/2021,3851623,778912,5087157,4101073,4172690,128868,294286,48175,50257,-3242,1272,50278,50278,0,-3722,3851623,3805178,-114629,537034,7952696,7977868,14239,831319,7864068,7889230,14150,829669,-160,-124,-18,88,678,678,42,-448058,28750,29762,-9072,181,26037,25976,66,-3876,8554,8554,-2,-3024,10879,10913,-212,10913,30559,30552,-64,30552,NA,NA,NA,4923,4922,0,4922,84894,83993,2315,-23313,0,0,0,-34321,0,0,0,0,0,0,0,-6961,84258,83365,2305,36173,633,626,10,-18205,0,0,0,0,3,2,1,0,7333769,7357676,21764,1398951,2347,2347,0,0,2244265,2273224,2077,417954,46,7,7,-174923,0,0,0,-1,46,7,7,-174922,5087157,5082105,19687,980997,326044,326044,0,0,50471,50164,712,13375,342856,341427,1600,84833,4367786,4364470,17375,882789,-13622,-13427,-288,-7883,348761,349749,-388,45140,21745,21755,75,1230,5200,5200,0,0,1159225,1286963,-21698,-298602,0,0,0,0,27076,27015,-1146,10769,353237,447475,33094,188647,778912,812473,-53646,-498018,670433,615000,152281,369494,450283,390920,147320,390301,220150,224080,4961,-20807,2172925,2170156,1530,226047,37,34,-5,-205,11041,11041,0,0,50642,50642,14,420
6/2/2021,3848262,812087,5119023,4136087,4154409,-18281,203482,50123,49495,-762,709,50278,50278,0,-32293,3848262,3814127,8949,576666,7984349,7968537,-9331,780150,7895638,7879913,-9317,778729,-700,-614,-490,-34,513,642,-36,-446602,29042,29945,183,504,25963,25963,-13,-9609,8554,8554,0,-4240,10882,10881,-32,-2040,30567,30562,10,30562,NA,NA,NA,4761,4784,-138,4784,84977,84785,792,-19656,0,0,0,-31661,0,0,0,0,0,0,0,-5782,84389,84202,837,30940,578,578,-48,-13153,0,0,0,0,9,5,3,0,7365641,7349075,-8601,1388966,2347,2347,0,0,2244270,2244270,-28954,408948,0,0,-7,-199714,0,0,0,0,0,0,-7,-199714,5119023,5102458,20353,980017,326044,326044,0,0,51133,50913,749,14134,342856,342856,1429,84662,4398990,4382646,18176,881222,-13695,-13636,-209,-8149,349132,348972,-777,43957,21815,21727,-28,992,5200,5200,0,0,1183620,1175343,-111620,-441271,0,0,0,0,26748,26846,-169,10569,344785,365262,-82213,199748,812087,783235,-29238,-651588,672906,702342,87342,449270,438778,470012,79092,469155,234128,232330,8250,-19884,2179122,2176914,6758,227230,37,37,3,-162,11041,11041,0,0,50656,50656,14,428
6/9/2021,3916725,673555,5129891,4084851,4119599,-34810,101291,51532,51910,2415,1898,50278,50278,0,-53722,3916725,3874371,60244,692143,8001576,7993970,25433,793434,7912984,7905385,25472,792177,-132,-109,505,76,516,516,-126,-445743,32213,31051,1106,-153,25856,25906,-57,-10914,8554,8554,0,-4241,10734,10817,-64,-5259,30576,30569,7,26015,NA,NA,NA,4762,4761,-23,4761,87580,86509,1724,-13094,0,0,0,-28168,0,0,0,0,0,0,0,-5846,87069,86014,1812,29689,502,486,-92,-8766,0,0,0,0,9,9,4,-1,7376508,7371166,22091,1390033,2347,2347,0,0,2244270,2244270,0,408675,0,0,0,-184315,0,0,0,0,0,0,0,-184314,5129891,5124549,22091,981358,326044,326044,0,0,52221,51710,797,15202,346058,344343,1487,84192,4405568,4402453,19807,881965,-13863,-13740,-104,-8265,349680,349384,412,43274,21682,21674,-53,822,5200,5200,0,0,1081895,1126770,-48573,-541912,0,0,0,0,27493,27388,542,11018,380848,369147,3885,223392,673555,730235,-53000,-776323,720936,710510,8168,468888,502904,487940,17928,487759,218032,222570,-9760,-18871,2180167,2180092,3178,226250,42,38,1,-113,11041,11041,0,0,50670,50670,14,435
6/16/2021,3905736,765114,5153771,4207812,4113205,-6394,19123,50738,54345,2435,3470,50278,50278,0,-56579,3905735,3940038,65667,861547,8113547,8053243,59273,880670,8025033,7964723,59338,879556,-95,-125,-16,104,500,500,-16,-352084,35168,34107,3056,554,25844,25854,-52,-12256,8554,8554,0,-4242,10736,10734,-83,-5344,30529,30561,-8,-1314,NA,NA,NA,4762,4762,1,4762,87185,87843,1334,-8559,0,0,0,-25604,0,0,0,0,0,0,0,-5621,86591,87324,1310,30098,584,510,24,-7429,0,0,0,0,9,9,0,-3,7484242,7425364,54198,1346739,2347,2347,0,0,2328124,2281168,36898,368160,0,0,0,-120429,0,0,0,0,0,0,0,-120429,5153771,5141849,17300,978579,326044,326044,0,0,53096,52719,1009,16412,347259,346229,1886,83535,4427372,4416857,14404,878632,-13941,-13947,-207,-8539,351548,350516,1132,40163,21589,21596,-78,673,5200,5200,0,0,1184041,1068651,-58119,-677825,0,0,0,0,26955,27160,-228,10910,391972,387602,18455,218226,765114,653889,-76346,-906961,743760,761281,50771,528316,520942,541823,53883,541197,222818,219458,-3112,-12882,2178952,2178607,-1485,221811,43,43,5,-70,11041,11041,0,0,50684,50684,14,442
6/23/2021,3765714,733877,5163445,4385475,4331231,218026,152913,48342,50214,-4131,2064,50278,50278,0,-63722,3765713,3808042,-131996,889286,8151188,8139273,86030,1042198,8062918,8051022,86299,1041358,-171,-113,12,70,483,475,-25,-276222,36474,35965,1858,671,25863,25847,-7,-14109,8554,8554,0,-4243,10738,10736,2,-5343,30538,30530,-31,-2150,NA,NA,NA,4762,4762,0,-2524,87605,86597,-1246,-7361,0,0,0,-23468,0,0,0,0,0,0,0,-3980,87129,85989,-1335,26615,461,596,86,-6527,0,0,0,0,14,11,2,-1,7519947,7509628,84264,1394498,2347,2347,0,0,2354155,2349210,68042,419795,0,0,0,-73129,0,0,0,0,0,0,0,-73129,5163445,5158071,16222,974703,326044,326044,0,0,54170,53624,905,17566,349258,347544,1315,82992,4433973,4430859,14002,874145,-14101,-13987,-40,-8647,352226,352028,1512,39845,21331,21313,-283,393,5200,5200,0,0,1051325,1040050,-28601,-791115,0,0,0,0,6769,5701,-21459,-10526,310679,299661,-87941,108664,733877,734689,80800,-889253,1055931,1012189,250908,788424,813650,766794,224971,766790,242281,245395,25937,21634,2179557,2178457,-150,217299,42,43,0,-37,11041,11041,0,0,50698,50698,14,449
6/30/2021,3511630,851929,5183385,4615269,4346959,15728,168601,48258,49084,-1130,2701,40278,47421,-2857,-66579,3511630,3780791,-27251,895972,8126898,8127750,-11523,1064573,8038724,8039489,-11533,1063690,-1062,-323,-210,174,568,577,102,-226226,33756,35290,-675,1087,25902,25868,21,-15491,0,1250,-7304,-11549,10740,10738,2,-5342,30547,30539,9,-6963,NA,NA,NA,4689,4752,-10,-4001,91126,90994,4397,-5892,0,0,0,-21617,0,0,0,0,0,0,0,-2616,90626,90514,4525,23751,477,460,-136,-5417,0,0,0,0,23,20,9,7,7505369,7502739,-6889,1384488,2347,2347,0,0,2319637,2324549,-24661,413186,0,0,0,-75379,0,0,0,-144,0,0,0,-75236,5183385,5175843,17772,971302,326044,326044,0,0,55107,54680,1056,18954,352886,349776,2232,83094,4449349,4445343,14484,869254,-14312,-14194,-207,-8898,351402,351259,-769,37681,21221,21307,-6,427,5200,5200,0,0,1082185,995890,-44160,-834844,0,0,0,0,5255,6772,1071,-9445,225002,243156,-56505,86259,851929,745962,11273,-911658,1260925,1073886,61697,853787,991939,823106,56312,822848,268986,250780,5385,30938,2183581,2180636,2179,213560,41,42,-1,-23,11041,11041,0,0,50712,50712,14,456
